order_id,total_minutes,total_minutes_pred
ab03534322f8abd3140872272570870e,74,85.0
2bf0f4b83ff94c31b17e41e53ca5e36f,119,74.0
a6e231038f4418d6353fafddf42639ba,106,68.0
c5f3e1741c152b3f095a1cdb6492eee9,185,122.0
3682ba3ab361f45b898b7f34333a4b76,74,72.0
ac0cb6e9a3989f191fe25c81ac8b7143,74,62.0
851d433b2655f54aed48420a41c13879,74,73.0
aa9cbef5500220de5e47b54085f10f48,65,72.0
ca466896d4d76c4ce03c7dab44dd6a9c,115,78.0
d5ae76c9fa6005b9f42079ed1f164561,75,69.0
a5f1bc2b173fd2fdc8ef78b50e5c13cc,47,62.0
266481fea894ea4d2216c1bc6e736520,74,85.0
eb802934f1919d9aeceb002aa624bccd,85,65.0
7fb0999a5f8731323559f345d61ddb3d,59,80.0
0e1addda1c73a16bd76b131da71bd232,76,78.0
56d356260a255bed2c0c5761adf3a974,97,86.0
ce842f8e92e6bbc0f8be2cd230981e53,40,87.0
0a59dbe6b91bb873cbebb444c20b32ba,75,75.0
252bdb1629a8b6d688b5a0ca9b042a15,60,79.0
bd7b663e408140ecf29f7291ec5e0f46,66,65.0
7fa4840018eb3ac09c1e4e73be9d193f,38,66.0
5e7a87a543aef3e917bda96182331c6f,113,94.0
4dadf280c2271f2824306444cb4aa72d,65,62.0
9ed18edc2247eb3342741a7f5fcda25e,74,74.0
ab240eb9fdcfb9c32ad511d444f46224,35,83.0
86701f032fc6e009741929187896dd76,74,73.0
bb82852e49fae0dfb251de056a4153f5,74,73.0
4ce01171d42982ff10efb37148e3709d,49,68.0
d64a7d16e0305fca45865a480f9d5718,34,66.0
52b369d85946f9682f5e38b92430e964,67,63.0
8e2aebe335abdd0d35a388b7c59249d2,74,103.0
16dc926a551c499d3b6c9dcc70234575,57,79.0
8b01addc769e5e3fa3afa5d44688efd8,23,53.0
88044108fce17efb687ea9ce989f3eca,53,75.0
8527f51833f369a23748526a23374e9f,85,71.0
b0a294df243e42fb8b9ce22086a6a0f6,113,86.0
b2fb98db9a8d5d70f7fb217d481d490d,74,80.0
e9f422614773fe0be622661b728bff99,108,78.0
6493e8ad07b1655b6493dd39dfa9f4ee,74,105.0
4284994653bfbd6d1d161cd68313d843,74,123.0
b31b527cc23a1a4c693fcf44b39820a7,129,99.0
38e3fe0c9e50ecc6e17847283bdee963,89,77.0
b6576c4d1271d5efc19aef97583f21de,121,79.0
a1629e5f4e2d0a44e143bf76ae9552d6,74,102.0
44eb3694808824749fadffdef8b337c9,69,78.0
95e4507865311c7fb178b19b9e350fe2,89,83.0
3e00a6151f5e8a8639c0b2bff29e4f29,36,63.0
a06e8654639e72e169fd86e76203b2cd,74,84.0
97f4e8e6269762e4997198876c5ce61e,112,75.0
05a073b385250664cc1be7bf3481f2a6,74,68.0
17323187ada6ea88b8d30b85ad16ba7a,60,67.0
9ebfb2c2c6f26e56d4e58172086457ee,91,65.0
3cafbc0b57c19a233381b4a9ef89e1f2,74,125.0
7eeadad472d63628b92bd3938415a63b,74,67.0
cf613bfff093a23fc399cf6f92a8242c,37,53.0
1034aa9bbe4e74018f28f77be0539e5e,142,89.0
128827fa674889963d0a6015b6133547,55,85.0
5321aa0f856cf66a0fa8c2a6ac2dab21,102,72.0
293d363689c08f3c3018e87609fbd308,74,77.0
73126208984ce25f5395292db4b9488d,57,72.0
123e6e74ae3fa7b0ce984eccf0c6a9e7,50,64.0
b01eb34b792cfd78352cd38fa49b0124,93,60.0
4a7b7b2627a07a81d8f86ebb2c646746,74,75.0
a477bf94d1dc4c85af20e310e99e3ef3,90,88.0
ff22f60e129a9669ae091f109d6a565a,32,63.0
1b609a70c8809a38c0cd2cff682e74f7,66,87.0
4890af337fa8b56b61faed8a92d039ff,74,105.0
5f2334d115e58ff17a3c2805971fa8f9,63,59.0
203b2620016dbaee59e48ad86b3a31e5,50,73.0
357192720d62322077a521f924041c8f,45,61.0
3e626e84e04ec5b74c47e16c4ce661f8,114,94.0
6f32a0ac685cfd4bdee953c0107b50e9,55,74.0
39fc607741ac65e756a29ef99730555b,58,57.0
dde504b4a4aeefd379320871c19f697c,60,93.0
3d67f4b6f4f4f60a8aeda81af98a4355,74,62.0
e7885cb66300afe89e9e0908cf554a97,53,60.0
21c3ca0cd8e7f0e2c3f913fa02cb37a6,74,76.0
74a15e653bdf1e9fd7b1792bf3d8a682,73,91.0
4259ef30ffafa60fb62090208568c608,34,57.0
11a2ae465ba7e3110594bd67123c6a89,89,110.0
0e61ebcdba8cb051249cd18f8da13e7e,65,69.0
4f0c2267c02a9518149a820df1d13f8a,74,97.0
7405a7527971967d1cb8d569cfdce6cc,146,78.0
262f1e2fbb35c573d5c0dd6abeacc118,35,60.0
ee1e6a97e6a5150289d794900505268d,85,76.0
bf274632e385c814689fb28e6c960b4d,88,79.0
62afaf2caabb12acee9451e136e31ae0,74,72.0
325455781e0cfd6dbdfb391eed4a0207,155,122.0
f4a4579718e133c0e629b15f22efc4d6,54,76.0
59040e6c158670034d776cb1965aa8dc,45,77.0
3154a546bf64434c7d009bf82a283503,61,83.0
6873d20ea4d0f89e13661cce8ccc31c0,113,78.0
e581a18ed280f554ffbd40493bcd9e1b,64,76.0
2c7f612c00a59c1b7a04fdf6d60c59a0,64,73.0
8857f05ee90b8395c109184d08b8a0b5,81,82.0
8c22efb61d720f1c21d8919d3dce24b5,69,64.0
2256db479d322def71b784fdd6c31826,81,71.0
a5b89a04be51fbce6c058b7378f602ef,29,50.0
514993839baa6200a1dbf2eabc8050be,56,73.0
7cd49b5a651ca46f3ee3f04824c23898,74,76.0
fae2fec098ab857df470352d4af2f4d2,89,95.0
f818534553ca0ca7cba4b75f874a7c40,70,53.0
383a6fa072627012ba0d3c569aa80c49,42,59.0
a69eff4935ce3e6043d9887d14a3dfd5,46,84.0
22b53ce304058235dc633b65b0f8a19c,64,74.0
9ad10a8b7e7e08f2caa1626c126b4f39,83,75.0
0b2ac963d21254b8cd5a30392b19bcfc,113,85.0
1088b7b081f1f3efe8937b592ae0e158,129,97.0
718cf0ff670d667419366dc21a36f4db,35,55.0
6f3bf3651370ed6361f0905dedb23d33,139,104.0
ed83f1f65c574173d646e7a7f90af8b5,66,89.0
d4db38c7720181eb85c954a0f343fe1e,106,60.0
be727d73b5f666300cb52d3963516579,74,85.0
1eed67f603c7c34b25b760ed75b18219,60,72.0
16e2cba592c91615ab2581e6307f8e6c,85,73.0
5c9906959bf03cb8c3cdcf6cdf8a9a83,22,46.0
483e399cb40f016620463c30aa4e5c44,65,52.0
53abc654a8a8f70a10a0475861763627,100,73.0
eac76f5f6ff621d8e21b01b69a4e0813,74,83.0
51c996aa2fd0d853a2ac6004d5d47f13,113,131.0
13e6c5cb5bb881c5706c8695b41dba70,30,53.0
5aa638c9dac712e7258bee9c591fb673,59,77.0
01c5e72741fdb36f9b0e93323b252970,89,69.0
4b5a71f89489aef4b68a18413da48586,246,124.0
9eab77cb97587fb9efce07fbe945ff11,73,81.0
98980a7efb9572f603d2731ace1519cc,61,76.0
425d5606efda32932d00affca054e118,58,82.0
3dc345c3e5a4a4e092966769e7ca2c3c,74,48.0
71d415dca0cba6c3fd47315c10e55ee2,65,66.0
0536904a4b903acd090a99de02be1e6d,74,94.0
6b349aed6bc787fe950a3af41c0b42a5,66,51.0
62b95ea702d5cb649fe796b9321a12a0,56,52.0
123d20f4e7db6e7a12399915e7d9d503,63,60.0
7164b55cffe919b147447aedf318f472,92,92.0
0776f5267a82917e962bc19182717f45,75,67.0
b1cd1991d176bf608ff6f2c0066090f6,74,78.0
a9de01ac809b99b32ba842a0ff5e0cfc,56,71.0
1e87959590248162030479cc1cd60101,96,102.0
83eed4ca2e0a5f32f70b69b68e5fdb56,74,90.0
b068b213ee9a4fd0f3fcf4bb86c9d6c5,67,74.0
395382b605ef9c7a8f48e35a2bfbaf38,113,78.0
6fdbb4c27b2fa32c56d326ea05974eac,55,59.0
1713e0736cd0bf7cfc34229562d220d0,72,78.0
3139ded6584c8a5f24a5a939495031fe,115,89.0
fd54f605535d447cd9fb651c8fa0304b,196,111.0
90428723dbe35c0f5316050ee36784da,84,85.0
7299e52bd28be02ec9000ba88b91d2a1,123,74.0
0ef4cc7e2ad006ffef0d147a53cb1ac7,74,90.0
7d7f364d0304bd302a375a6986ab2cc2,74,75.0
5ab25102704f061c7c4b1bc6a972d211,57,73.0
e637e5ee8d0017484bcc8c43d2e28d87,148,108.0
a0ee4d68615fda0c3210ad4f04e7b7ac,74,105.0
142284cd09461632b2de6d54d3de26bc,59,76.0
6ddcf759c32c11a547fe83da6bcf610b,56,63.0
7124a6f0a301932a12c802d3f67659da,109,82.0
fbc3de5137553f317b6b97312b620513,72,71.0
dbdf861759d6f23a91197681619d0b0e,74,64.0
5b48d3377c649f984a14854ad2bb47bd,74,96.0
6ae85b6dd8293a8cbe68123f65037c6a,48,85.0
2943bf32c9bc07710161f9ff54038fc3,52,58.0
52a1f528c8631f3ce86a30aabed9548b,34,62.0
215139865c872d9233a8ba3ec29869b8,114,75.0
9603cd11a1233c5b17f6c6f7b4c12124,111,78.0
5a283890fd7fb8db85a14ba04dc00a47,57,65.0
97f3bc0e9615707181d430255c5a41b3,55,60.0
813d2ee836f7fed55992dbef6f3cb7a6,74,71.0
ffe8fa40d7e51f9860b62b5e9d798a57,79,73.0
7032aafeb4d9049e8ee62b27dbe26780,61,67.0
976f8632d443a3165640d8c1bb9f29bf,74,75.0
b452f1f1c05fa7334dae3fdc54ddb007,32,60.0
57831dc1452d95eb1a400fd8b220730a,85,57.0
822b2415558f58941e5ade283df7f404,74,65.0
169ffb7ee3c76639b2c981288b0d20d3,43,64.0
e24960660f0523cedc522de3a682736b,48,63.0
5ee8f3df77630009870246998bfe5a0a,55,65.0
7e7aebea8e43f006f250fa0baed8a0ac,98,97.0
7a727afc1dd19f56e4f4915cbc94e83a,41,56.0
9e31d7c122affce730e56777111f740f,52,84.0
b99ef32f184ccc8bb7914b0414636d34,120,102.0
704a6bbcda6238524605a90c6e828df5,48,76.0
c18e5b672b2079752e5bb02d328eb1f9,64,79.0
4139320f51ad53a20048f699882dd769,67,93.0
49de7e6972e8b9cbf2bea6bd94cc5f02,74,111.0
54577e71619cae8ba3d10c3419e9e221,74,75.0
40a66c08919764522cce6916189dbe14,75,80.0
cd529bd94d8ee2af4c04616f510bebaa,45,67.0
eb9dbc78db59dcab8e956775d51081c8,120,105.0
726a1ee06c4743f79da13fbea3d730a7,60,71.0
ef26e5c71311beeaf4409587f9ab8b08,66,69.0
fd449199897ae2a1ffc65614f6dd4d62,43,72.0
ff97e6149daf5c467d65d243111cbdf0,37,61.0
1ec177eaf72466c68f796f14343e7bb3,75,80.0
4b289e0a2801d9be02aef00a4cb08592,77,89.0
582a248abeeefb2ef097ab538cb17fad,93,66.0
b26aa01faea5d28b47f35cf76c4f3148,74,84.0
1524a4267df014cc81c7b5f4b3e9bcdb,81,91.0
8bd961e4ca15b2c882aa58def1bc69d6,74,82.0
28bab52fbba84ef4829921e71159e829,115,100.0
7ea954a2090b43d04c23ce1fc880366d,74,123.0
fe32a756fd36fddbb788b0e4bac6afd3,121,107.0
679e7f48d1b4eee2acfc126108a78a34,59,83.0
5dc25cd3c1c3d5a4b4d8f14a01f09ef4,71,66.0
562d06943cf46161856b942ce82845be,66,67.0
5dcea7044739e76249e83e627bca8466,31,58.0
f93235b80a83908537f5f6498392b20e,76,79.0
1f2d1f62fb3595b9cc64d90d3d83f6ae,68,91.0
ac2278356fa875c97f484162e7b6d34c,77,81.0
e91cf0707f40e1fcc66d156400311ff2,99,89.0
f778e8cd62d85a2eb264a29be39cd268,73,59.0
c4837cc53fec999cf60d7d1d4bd69a66,127,77.0
0cfd2ae13201ca0aacef7db8105c2a96,117,78.0
b97adcca7a4612a9abd5735b965dac83,74,65.0
b29b03fc0dbee570dd1417ffec6dde2c,49,53.0
1cecb7dcea0cd4022ce0b3be6761df9d,190,124.0
e6653d3d739679ec630505e14ca17b52,90,91.0
a2b90d96c235555a58275165f7a7bf6d,73,69.0
e3d5edc9a9df9020a8c4d3e156f35074,71,93.0
5ce6aca596e9408ecb70aed6ed9dc187,74,92.0
d68d57224a968745caa2a148e952212b,47,63.0
9afb4f8ddfb615c33de9dcc9889f894c,74,67.0
0094b9d3be585102d6889b8ced4fa4dd,90,79.0
a87aec64b461caa282117b44f391c688,122,80.0
323b8ebd29b6583eba4b6f6e338b6323,97,99.0
93b53c50a01059f1116bb59db058c877,118,88.0
43688af314c4a97615153ab2558b828d,52,73.0
a1b84f52032293f82baad2fc1fae9440,122,108.0
af98119cc40576451dcd248e5846915f,94,80.0
3aea8b462611ef7aaa3b0b1e5ba31dec,74,107.0
35a8c1e84372780314dc129ae42d5f2c,61,66.0
a8329fc6065ec47eefdf97d83a518df2,75,58.0
f658bc12b0b740c28bd4d74243068956,71,68.0
2da40cba50275a036a7a93117dcf8292,83,74.0
4b7af294db1b8217f52459af4da9648d,96,91.0
eda79f46e79c21443187630c255c3829,113,117.0
1054f15736531b4555159ca97c1d89c2,34,46.0
7cd7ffc9d571491fd404a5961c1c5677,74,110.0
9bcce04796ecde27c55b0b42e40c2a7f,66,74.0
9bd0d3ea250182ce825176f5c4d8c8e4,38,85.0
ac23ee8fb4c0b55593b759d9fe06e23c,133,66.0
c2ee8b8ae97e6af8715a0ae6eee311a0,140,94.0
ac50d58999f9c57c6c23b728e708478b,68,81.0
0253476c336db7a3cbb42a2b71ba9e91,58,84.0
3f85d66470c3041d61ba99df830fd272,56,66.0
d6c29f5457f8fcbe689b6dd716059ede,107,104.0
76a1f174200224096c44e6582d9bc309,74,95.0
3dcd062c3d62af502395f54ea86f865e,99,91.0
d6f04a274ade2216814df03a7e5ba19a,98,81.0
46746aa4000396a3dde560bb99b284cd,74,92.0
3bd952f69ca93a5c211d6fd092ddf514,79,77.0
5945c19f97a7ebb3704643103e9af0df,74,73.0
c9667cff342d5c9d04c1604e00571035,49,58.0
33375bb13b9031199d88c066e6821d39,104,94.0
2ebb793986826352caa1ed904a4c802c,54,69.0
eb9293c2dd59171e6f458a2dcba00b52,41,57.0
52e90616837184184b6ffbf72ee319e4,85,96.0
bc62faf7a826c5049c2666e4075e6d0a,121,106.0
6d73bd4877e0caa344cba1d0f4eedf7b,91,111.0
548fa31754c9f338035167b30b7c3891,41,66.0
dc763a8e25d2343c6fb279905cfc40ee,74,70.0
710711f69fc2990ae1a78db77c2a6c96,74,93.0
b8537f7a2dd2bc7c1d193589cf2a3eb9,109,101.0
d9a71e0482ba2f2a5d39e8c1f99d00fb,37,69.0
af16cfa1ec049c7973dce6155f549cba,85,86.0
4ecdc802534a4b15a528df56a2a73ce0,56,73.0
85c1699f82813437a7346eb261457339,48,74.0
bea9185c6367d90d5701ce524258c505,71,91.0
987d50efcbdf147dceb54f5e1f39e027,76,74.0
d94d1a3735710c7e6f2e87c2437ab2e4,128,73.0
6f3ea51237969d4b7810fe756700cdcd,74,90.0
f3b8a9d11f92c3881c630b305d5460e3,42,65.0
db1e4b26738e263519221c186eb7e7e0,61,92.0
f6c7600b7de385edeef0754be9fa5e10,42,62.0
3787e6b3b29a084fde41f22828d89b7d,59,59.0
d22a14ec47954ce2eb4fcb847aab3fae,70,93.0
dca719e3a246b0bb856a25fc6924c12b,42,69.0
e8c25db40a682bc27143a6a473d6dd2f,99,73.0
2416b9d66634f50db084d3fd5ba2741c,112,82.0
1cfd06fb8a42a8a26b77c08d8f0cfba6,70,92.0
8bc2cb989381f559b75bcd3527e57cbc,48,56.0
86ddbb5837771664755725f63042a1c8,109,88.0
9112bd02929a01d621c21e7f36b46162,132,105.0
d93ac4099f883a299fb1baeca6b476ba,69,103.0
d06b924411af895153ba73ec60392bcb,55,72.0
99060e423506871cfd41bf0ca4a7a0de,126,120.0
a9f4db00f12cc0fcb8e2536ba168d2fb,67,85.0
7c7a3254fe6437cdc4584f9225dd5ae5,51,60.0
5954c47338f4d8c0493a103cb670684c,147,115.0
e8dba6b5f0e0a224219ae3b72941413a,74,73.0
e5a75cb3fc4c419449267516711bef4e,62,71.0
c913de61d84eaf0bdc2c6cbace642cb0,74,77.0
1408e6b2a63dbc70614f5c50ad1aba88,105,67.0
686a2aa66a2aa63de561c8852f7116d2,109,80.0
b6fdad2deb688b8fcd7a74a41715e5c6,87,75.0
2f2fa1c47fee6cf68ed88d768d9b7811,57,77.0
e133b92ebe2c333f413dac60558e8690,44,71.0
de6d3975bac1d55638ec5892f1428c47,118,109.0
641d629abb178ddb8663a9b1ad32a935,87,94.0
93cb2757ac0418958139348df1ba57b6,66,67.0
1cffc915f830df88a84f2427f38fcbc7,74,66.0
095fae391d165ff43aaf1df17c630358,74,60.0
096aacc55e2a0ea40909528dab369b63,74,89.0
ca21589ec83b20b7d4f41d5fc530acfe,40,61.0
ea28270acdc6ee3c902026444506adf0,34,81.0
50a482df55352b321bf44398656d3ef5,61,79.0
e180e1115495934434e334a4698d106e,67,73.0
5f0a70150c476679eeb83c92a00ba9e7,56,71.0
ec9bb74f5a808abef80c501e3021b92f,90,80.0
9ffdaccbd07a415d63d9291f42af3ab8,73,64.0
4e9a872a9f5db2144875fbff75344246,63,71.0
19f6d4f363a659c4d29574e0eed7032a,74,72.0
1efef66339417ff6857c36a6d48979eb,71,85.0
0b127c850ecca09f91b7e2eb98608617,71,80.0
c4dae6581d7986bda0eed4d9b6786086,87,81.0
7ac6e7f8921eaa8928d78be3966b5d10,133,104.0
12d512cec9bb31f766f833c63ebaddae,64,82.0
de9e46b33afd9a642b9bf7f427afeb00,94,79.0
320051f237209b06f785539ebdb54b61,77,94.0
a7e015803fa901fab708ac2d2058a252,74,79.0
03add0ce1f61c737a5265bab2ff5ea56,66,70.0
9c8f5601a1b7ee12838e655e61218506,87,90.0
3c9d8b914567bef54cc39452399ec95e,84,96.0
729c522a3da97eafe4645c7493d80d31,84,78.0
7bd14e58fb6eceddb3949398fc146f35,67,85.0
daffbc55781ef3e2df9c3f25971b61ff,143,103.0
2c21323f2e9e0b9f8e7918cd95d69f65,69,76.0
0a3729df09b520115efa5ce24ee7b1d0,149,118.0
5d466b647bd2d57b21ac1eab6edff22d,52,59.0
765c7d02e1bde71737b925c338673e98,118,84.0
8bc9ed358e9e9051ea750fafd23f3674,67,81.0
7ebab6283d87c169291afd709bd9b4d7,74,99.0
adc24cc09db7b9c35f509cc6bb176c36,73,66.0
e932f0a4149acfd184bce891c4b3b888,74,79.0
b90f9fe454c22b38192e5567d494561c,160,109.0
be2b0e84890aefa23b067acaba9bda8d,92,89.0
84955db0971fc30663225a57b10603ef,74,55.0
c1f3261ffae7b6e0be0c756253e866bd,117,86.0
f6bd74cd1951f6557956c2c4ff187146,83,61.0
5f3c28cadd2c65fb0efffa153f4d21ba,127,109.0
8a1bc583fe2ce6702fcca183dd1840b1,150,104.0
013969436eb1341621565ad15be130b1,74,78.0
6d0300a6f68fe82accbfa40e7fda8a88,42,61.0
fba24271641e26b8681028e4d2b83b22,74,77.0
e0325dcca7867ffaeaa5b48d1f2ed56d,55,89.0
dc817e21605f638a0669d7da91c7a364,119,97.0
b1e1b6f1d0b48db6e238a524a5c3c5ab,74,58.0
26a3b4eb800f8b73f6615328e937283d,49,60.0
a6989dc0d5b217f3ff8076786e02b0fe,54,64.0
1fbd0c65794414aee9eb4ae12d38e4ec,62,81.0
041e474c455aa01f4fb2fa476a26349d,97,94.0
72ec122a88cac7754ce88cdc670cdf2a,28,51.0
2d745d1a4460d7b526b1716376e60090,74,86.0
73e8e3f0f73a659ac8b96a8b72247066,74,78.0
7049f644b18f7959fbef015a094c19c0,64,93.0
e5dc1ae5c6a86b90c114708c87e6e81f,96,88.0
3bd03421615f4c75e8c923002ac53281,107,90.0
2e4ac619dea88b9ac74e1a1906ce90c3,37,69.0
92baca1ff13e1f37392a9bdf0777a521,66,90.0
988f67f68b8df981cc9a1920f12f0ee7,89,85.0
4499030791a4bb87bdf841643c9a9ee4,85,88.0
b415988006129fb913b030959d61aaa7,74,63.0
e32a325f64d9ea22ce8cb3f980c6bba3,105,62.0
89ab1930a5f39a1a9a3e5ef62c968d9b,136,113.0
3f01a260943b515c13e58834f8387095,61,66.0
cfa783adca09b2fdf9ede91337d65aac,65,57.0
f297e303926604614f3a0d590d3b1cf5,57,60.0
4f634a891bfaa913c908f89d95395ea2,57,84.0
3b30daba63c804d106c36871d5131a7f,74,73.0
1c550d5bb88c5cf2e4bee7d86a7ebd46,148,116.0
e970b5a79f4201361b91db87f6a7ff2c,74,85.0
66b30bbc42cfb184da9d6faee315344b,143,121.0
fad9665b890ea64c9428fc5648619df7,25,62.0
730c5b51aa9f86ce3957317efa19c0cb,45,69.0
87c3713bf0c3ab74ba80e8d166a8dd3f,104,76.0
b0bf134c845ef7e6b242854fb2d01802,143,113.0
f39c7742a9ffa3721e3f04c38427a55f,107,86.0
a7a4b17448785cf87b9e03913841063f,64,59.0
0146aaf8c276124a0d92fe919b694228,85,88.0
a87b1a672840a0a81f37b72a1fd9078b,69,72.0
4b31b5bbcee00e11484a7c48e0e46350,74,60.0
2c956cd1466efc5626601925076fa4de,74,66.0
9a08aed9d221daebf47c14e127613f8a,79,88.0
b5991582ed9006713413fbfb97f3a50c,130,108.0
42bfa36cf8350737da7e0106c89bc779,97,112.0
a75ad74cbead148903be0d1e87d278f4,111,91.0
3b658d1259ca93808c45ca6de59aac9a,175,76.0
0e564c62335c9536c4711571b16b709f,76,65.0
ffbb4f43eb5494ff5a0219d6b97fd086,105,88.0
0454a147d9d6121e791a9b5c01ce9100,70,81.0
17c288d014be927b972a2b57f230263e,57,76.0
08a1c552c03756d3db3c98c2db5c583a,106,118.0
60837a4e02885206f0de2b018894bbbd,134,92.0
572d86b2dad5ff76a021b683ad69063d,123,78.0
048c12f3d358a75f15a27ad7a4954269,55,61.0
42e48327464b5b4beec2d12df0c19315,171,101.0
b958c8c61a2de0000812021cea192f00,101,95.0
4dc1181e1f562078d4d5f25398558434,60,91.0
15e4a07e37a938931424740175914028,43,71.0
dcca89f02f866e6e5c6c3aebabca3da6,93,76.0
1bcb4de53bda898cca23a6cfa9aac1c2,51,57.0
b82adbb66ab319b4ca50f70afa81cd3f,64,98.0
b221bcefd27c4d9e89316422dffe8848,44,66.0
58e567162d71bd0fa879a5667cc28e7b,127,120.0
110b513b5eaa66517241c3495abcbf91,74,87.0
21d32015e5c31f6464983d254128e686,93,66.0
8c646aaf66333b7dd20ea13dca4994d1,45,58.0
224764d4789f8f0951dc14d0aeb98f45,74,84.0
63eb5a7aa867ebe73ce3078ada7de707,74,56.0
360d4f136ecf6ce9b713c0bca0e4ed6c,122,89.0
99578f5e46df98de22455fca82659251,39,62.0
6a3d12e056013dce30713a9e745628f1,49,66.0
7295565e278762b10b62d099b599ce07,81,76.0
0e64d56ec468c98d9c212ed0c38afd3d,94,82.0
e5bdddc1346ce55db3759b9c4edea24e,74,105.0
3e17aaaf102f56fa4f45eb102a88dec7,44,59.0
957a7777bc644ef290d3740bdbf80b60,88,76.0
0a9f258dca09a92d50b57a6254552bb6,74,98.0
5d0c6bd595691b07c37e281ecf6ca5cf,69,103.0
5128921b7b05814064a09d0e7aa2e0d8,74,85.0
eeba57ead1e38b1b5d26d26f2a6b8082,68,75.0
336152528cf6d70dbc65a528bf89a3ab,66,62.0
e6c73740309dffa4c6f84aa2d90a2aca,62,71.0
0c63b9208a652cb0ba8b1f5d51241c17,107,94.0
8d936964889d18289914b2bcbe191fe1,27,59.0
62f0ef61e88d9fab1937032fd5822fc9,56,56.0
04f3fabb063d272ca1d731e314018eaa,126,101.0
6e98f251311145610575c1143920128a,96,102.0
cfec0ea6a08d9f3bf837363269fb4a32,74,85.0
e44cb5a757e01c9a75d21676186b8afd,109,74.0
129aa8c70d1e55d3f52277ba855f204e,74,91.0
ce642a38c0bd807f126afe18e1e4ec2c,74,68.0
9ce9ab702f18ea8359f59142abe10486,74,68.0
f3cdb1c2d79c6af80162f35a26c52a82,94,90.0
2d6bd416f647211708258e117c9df321,121,114.0
42edf36d02e100d7381fa0aaf8801860,59,65.0
1a4402fa0f89c969d6c03f2bb0f0dc4b,111,71.0
037a754c616b706da282d29e49ea37e8,74,87.0
d431147a3a3ab99f9426bf4fe17799c6,74,67.0
15ea03bb152a69ec724a56bdb0d59d40,115,84.0
d1a2dc8622ba2f2dfb654a284c8ba43a,135,102.0
40bf30a1572e909583304995f9ec1064,66,95.0
48491afc3599090029bc8175e445197c,118,102.0
a47de2ea82035c16d93aed31dce51afc,74,93.0
27767f7f57979719be077764953a1e3d,121,115.0
43298653e8ac65639bc91b5c237aaee2,103,110.0
37af0c96930ab341fc3a62bd8646a0b7,109,100.0
5f77dbfaebe65df5acf884af2ef75eb1,52,71.0
ed426a2bba16c8277d4a5af781d37847,71,69.0
bbf8c882deb789b683dedfd65d0172a5,36,55.0
5e690c3d4d455cddaedfe0587de4bfc6,53,58.0
ba38c549887d0009edb90548fb8ee8cf,84,85.0
b0d66ff484cd8f5dc8653f8c6e8e8600,74,69.0
e693b44303acc27dd844354659b0aa01,87,94.0
eac878248cd480a65a7373a535fd5ea2,118,101.0
b0851a8a033d2dddc7a3be4c243d5d36,50,76.0
79636ca76d558ea343beb009bb22f914,138,94.0
aafc765551d9ffe7dadde9f79cc10663,229,139.0
a91c8e82a697b0450c89762e098f521f,108,89.0
be6bec046d9399eddc09e4906499436e,56,57.0
fc11766b966aa5f637acfa1d3156c550,44,55.0
60299945ebb692150a43fac00f2d60d0,98,60.0
d59e148378473748bd7959303ea2aed2,50,64.0
2c1d70923a7aa4c5ed3350640d80cabc,74,72.0
34efd3117c04be957c56480f250da3a6,124,87.0
b7a8026b4c2d2b5c7073f3f055772425,48,65.0
ef7117994d8c48a3b814710f2f5e8341,77,69.0
d9a3407e1a40e4d2f8019710ad9391ac,53,78.0
e1271c1368fa9f2090206c5176b5bff8,129,101.0
c294a354631ce7d31ed3c46f1bf674df,104,65.0
8c3dbac8ba3825552e6eb53a7a919cc1,77,76.0
1fe564dac7383e2278f8e10357ff9af6,71,73.0
c3ed5df8beefa20c8e81e8c8ad479cd3,104,108.0
1000f2ea7e66a21ea92395266d4f1127,75,65.0
cf09fe84fa62ae12c1910e01be348a5d,80,76.0
acf7851bdf27f4126534651846733639,95,78.0
e13dd75672cd69802fefd31bbdc23b7a,67,68.0
71a4a3bd14252deb66e18fcd931f0e5d,47,69.0
0c322653bba0844a45b8397b7f10bbd8,60,67.0
6a9e435e24d640328206a97080a13795,62,69.0
8d7a3383deb2acbfc20b061518753e10,53,66.0
5984c9cd108667e7b8d3423d47688c97,98,71.0
b9ef219523fbacfeece3e7d2b7d24e2b,70,74.0
b5dd1ff310c53e42aa22b9e6d4d2f98d,74,72.0
2f80396852793d6dd03b97274834b9c3,107,114.0
4057d884f192ac27a766f4b89d29197f,35,66.0
599662ecfb9ca82b29ad99be88de746f,74,90.0
b0c8a55c384b44dcb6dba9a582edb0f6,70,70.0
4ef0c2cfbb4f2a513cfe5886a75fae14,41,72.0
1ad4891b273ef62b405eb9c6b9f642ca,35,68.0
b026e406da19ce99c880cda9121d0c8d,103,99.0
5db052bbe6b01a418a8a6ab2380f2e6d,49,65.0
68ca84cbce12e85b3efacc7248ef8123,74,68.0
5d5f5b60a420430c602237f33f41c6d2,134,115.0
79b2a0161177e1fa2519ff798d3f9d94,98,79.0
2b4c8e9db0d97bee7c9595e6fd7ba86e,118,95.0
e5709b0984d2fa20645c2bc0db8a8f19,32,50.0
2affc8772f2bd695791986952a22e9c1,105,90.0
24d816bc66d9e5dcdfd7ba4750a4adaa,73,59.0
fe86cafa25cee7e5497f688db72d8b39,89,102.0
533d7bd743d3ec0ae32906c0426acabf,42,59.0
ad2a666871b248b2793dbc199fa65493,74,77.0
38ec20a421e95e4a7a7584b881ae99da,51,63.0
ebbfa274e7ff12348eda2caf26a4c922,94,111.0
4f3d3206c5f8af03a1c0a81c0ca355c4,103,64.0
9a6d30c83d2d4ff7b975a8dfbbc244c3,94,82.0
5d10492995ebd5ba3a9da0d8766beef1,74,88.0
75564572b287214e9c0f8ac2b67c01ed,129,117.0
d8baa837841548d96ec346167aabe83c,92,77.0
80a0643be0beb3958c4552565590d965,75,69.0
13fd493d5c27e3958a4fd740bbd57415,57,85.0
f3b0a26cc41c7ef08dc2d1695bd28a51,113,75.0
dc8bc971ee6efb22957f206ee1d4f484,96,67.0
cc00989e0c36ddac6f46156efcb8b494,74,85.0
40624493784ee42e4dff1473271ffcd8,70,92.0
b568a9cac72b7cfaba814f94807171b3,74,56.0
1dd22917de5ae5b5abb0174559b7d590,68,73.0
207a64c5bca6b2d4d5a2c23614d4908f,50,65.0
9765ad5240f6c38e6103daa56ac3b589,65,69.0
3679b4ada22cf1b07d6f39a4b6c6b326,83,76.0
f199f10d90757acfe9d371ffc05f0ac5,56,66.0
766e61cfb162cb96ce3d0a98da884c24,91,68.0
8b8a4619e4bd54a85df44c269fd757cc,122,74.0
9c20b7f885ba994cc071a301f4c55c7b,74,106.0
987cece11320ffb8c830d12162ef1ea6,30,54.0
ace3c57b20b7cf266cc06fc13f061c7e,96,75.0
8b463fb2a4196b8230ae427eb1e7bb76,74,88.0
c16e2b190aa13a94871e85b0dd5a4e39,79,78.0
8406ab8fe70734c75553c0083ee10402,74,93.0
f6043d32c86072cbfca761017c8dbae4,86,78.0
fd53771b4065e87773789176c028c69c,56,65.0
20387f14691d0bb6f331b6a95f087872,115,89.0
93d798767548472a70c3528556016f63,35,69.0
0cd5f2b80ab38700a116f5be67c8bc0e,58,64.0
019bb42648bc4f9b98e4faff5a75f096,108,89.0
c1fff686a578c67fc5b5dc27f891b5b6,114,87.0
2ac967ff7dbbbc85ad9daabf88010718,157,104.0
cdf96a8eaf3027cfb5f33c21fcf48453,74,134.0
c5b9fbeee05063f130ec54209eb94731,52,77.0
eac94af8e9d8f31267e266c7d3e5c022,47,76.0
92cd4a373684a70abb8d7df43895d46d,123,80.0
162178cf54b7943bfb30410c28ad3444,129,109.0
2db4ff97861f3629749e253887980212,94,118.0
d92fa2d34eaf7ba6ffa21a4161505cae,69,79.0
09a875bb2084da043542d05723a427ca,74,82.0
044c418aa9759b154daaecd96f669202,64,74.0
e4b6e33c9a6290144a35e380908059a1,46,66.0
9bc53794c07d17a83634e5c86425850a,58,58.0
f8145e44bc3bbe5914e24e51d1465839,114,101.0
828fae52d82ef561044e834a3471654a,74,108.0
105b190b143c37ddfa7dfc3e6439d256,36,62.0
b8b71f515b1515a294943fbc4bf312aa,74,92.0
73fb8b5a8f9e8b523b3c2273e0104779,100,70.0
09f7833690058e7063beddc9b0d54c00,74,87.0
375b020fe4df0d86eb64bf2348903373,74,76.0
62bd3ab74e8106345c96926f917e15bf,74,109.0
48981077d5febf1c7fe67295579f6319,63,63.0
71f25d634752715419c1bb1bb4d82f04,88,75.0
873ef0e6920c32779e5d661775fb47b9,61,70.0
a3c18bc05d341c982235bfb7f4532282,135,116.0
b232a8b3b3225563ade9278cdb65ae02,74,59.0
e48f8b23ead12afe91b2d9bd7b646798,125,91.0
cbfbdba09cf67cb600c15ab9001c8df2,95,97.0
b0ea9d596790b3e0476da41552c03e91,74,83.0
d62867ed8644a63452743ceb251cc335,73,86.0
e3f274f791d0aa11119a77c9b6217278,119,89.0
57f8d47123cd74908630c42e6a1abfb9,74,74.0
844eb17dced45aeae002a8cc54eebe3b,63,81.0
f42d18a9c78c9a5b7ec8118fe65a93f6,59,62.0
734fde19fbe18880d9a7ec2d1e10b1a5,74,76.0
60f5e3bec387bb24fcf461ae54b3a82d,51,67.0
b65727128e73b737eb395be48ed841ee,121,103.0
250af09a77fd4360cd35d20ea6ffe40d,74,70.0
cc8dbd153bd8a134906ea6b1d82608f4,74,71.0
751583574dc96ce2b876075fa58c2a33,30,58.0
55aaa2b77416bf7c1c4356fc069e43e7,74,79.0
0556dfe93f4b37fa115f3525d7ae2003,78,51.0
de381c1a7a67efd8c734412737074118,101,71.0
cc471a0a070168c338f5e3b1a7da0187,109,81.0
f75a91982a7929970e73d20d58b5da51,74,74.0
6653379822e4d259887643863cafe0c9,74,78.0
bf68caec2f4ffb5cc1371456d063f41a,74,55.0
bb647363344ba8ce8d767ba8da6c8b4e,63,61.0
45fe51f504bcb9cacf184d36c51441b3,52,93.0
02fb93f76a17233339f6dd2779831a07,105,81.0
e1d1dd84847addcad770beb35b983395,111,88.0
23ca350c79c0dbc70a482853848a8c26,52,67.0
d3ed3dabfe659dbe6fc6d09c8b69b571,45,61.0
0b66da2129cf51ff12220a20617579cb,64,63.0
808ca685354dee4be191ceaddaf0ee7d,54,63.0
3823acdfcc4dc382ff023e0412e0eaab,47,64.0
c3a4084e73866e03ac260872906c22a4,76,87.0
63bb3dab65887ddf52e36fb2f5a1c412,113,87.0
9b667666f8818cfc456142970c207c62,80,82.0
d5b0566bc137254ca3e1a7eea4500d72,65,61.0
f995f898c14cf8d9947f42acff465f31,74,76.0
9271117780356f143c093c387c358266,38,68.0
d40b5e80cd86c5c18de29a3a7e398d0a,104,81.0
cbc64c6df9617618fac81dec2660b71d,80,78.0
ede31bb2d713b67b969554d31831cd64,46,82.0
890eb631acf3de1a0fcdbf96d8b45fb7,187,149.0
7046122c25f4f34a75157b8d63b2e27b,74,81.0
b2bd24a8089f10b72be1cd2dceb53a99,74,72.0
23dad6821452dad72adc264d35a92011,74,94.0
89ed4ff1badca68c52976c790648a57c,87,68.0
cc96995d2a06491b456d7804f47ab86d,109,90.0
8770b6acad029fec731a38a5fcd04f6b,25,47.0
46d0480d44ab25014e95bb77e636ca35,74,82.0
f08a30916a37602d030ce90286218919,130,102.0
238272ccccc1b3b732c941fd376f26b3,74,93.0
3a1c777ce99b6b603cfa6ba98231e62d,48,62.0
f84cdb6f46254add6605c30c0660f8d3,135,101.0
fe0da24df46284bab8f770e642d250bc,39,58.0
f0bf90d7acc08e147bc21fd861621480,57,73.0
d1b9d82c09bde3c2767294a23f423c69,74,83.0
1bfc0429832b9dab41d2a63eb8d9a076,74,69.0
7705a5064cd236b8942d612d52efbc8e,106,67.0
eb774df69e09cb5c856da87bab50ad17,127,80.0
502a3412b49c5aec3dcffc4d7096021d,57,62.0
24ab785c15075c2e34b42d4fc84c4325,74,80.0
105a54d0c85ce424a5a7f31f958c5f4f,72,75.0
86668b68cc80b9ffdda543c2100a2151,74,77.0
748d9681ad87ad691f5c3283ac470df5,42,74.0
6d34e12a57611e46702730a3c1163f5d,74,88.0
8ae53c5bc5e64704a070b11d8e38ece3,53,79.0
42edd37227b10dd5c59244af369e2801,112,90.0
7512ca11f374685b87525fc6bbdc37d8,75,87.0
dac35ff4c44d9c59bc808cf18cb48117,59,67.0
fd98e1db2e003823b98e44ab4493c646,74,104.0
57b07ef29356edf6ea8d54ce9aa0d2ba,30,69.0
6303a37761f9f0a9dd2a410e6016e178,138,99.0
a568a48a65974a1aace8563b9d5dfcc1,60,86.0
210d8fca3599a6e1e3123a40fe58eb6d,74,65.0
c12bd6bc6078d988b1071bba624cd805,47,59.0
d992c9a102a9dfd3146b6b5cc3d63afd,74,93.0
372634ece77a62dd9d2568c1c40d559a,132,87.0
3dcaf6a5582a8427ed56dbff7dcea7fa,60,81.0
4bd8ad4e27fc236b35d29ca0da1831ca,85,94.0
4e14b50f16ee17cbc5a55290a9c7312c,113,103.0
b53d1123a6a08bcc9cd8c88073f07d02,37,79.0
4bf1d742d2aaa747c8e42074306776c6,77,61.0
0ce92396433e944a17502a45d5e3d245,51,56.0
15022cb61005fdf7d8c8fdc941c8ef27,111,90.0
42ebf417d120e65222555d5d91160585,74,89.0
cc7cfb60c0facbbd839d1bf850e0cdbf,155,105.0
58194d79a0cd76dce5564ce96f301908,71,85.0
b00aa4d91464cf1aa9ad547dcacb21d8,169,132.0
5f60117578565c33bb53aabf95180fcc,74,81.0
25c46c0d1e14a2b7865749a2507087c3,100,74.0
6953c0fbe996b4fcaf253ce9f2c9544e,132,112.0
57110afe4db41a5cbfaab973d4661fc4,64,85.0
e79bb5d5df16c2c9ca3115f111cf07de,99,80.0
623e48b280925ba4f75b52c65f15d6e6,100,91.0
9496a6fec7bbf084fdccbb0e164e285b,89,94.0
2a95982b6d4e234b4eba3aa6b37e6eb3,31,73.0
e9a2169db75ecc488e5b7018b9c00bec,52,76.0
4a6762e76b3298d805fbf1b3f1ce8e4f,91,91.0
825af579fa0438fe2455eff194653479,21,57.0
26b9b805350eea5d9e6113bbf8877f45,131,95.0
aa31a106460f0eb9f1fe050428d62ae0,104,66.0
d5c196fe52d87cfa4b15d81b6fbe1c67,100,91.0
55efde752c53de6c94d905f8aa6b7cf5,73,91.0
e45e668951c8c066ab501d48f06e9483,91,73.0
411b509d6c79c88dbb88c65a6f91b6e5,116,97.0
fae82d087c5e11ab994176fe71b740ef,39,51.0
2b84ceab6cb0095e4463769907f795bb,117,85.0
96071624fcf34fc4ba8fc51327b7cd8a,67,98.0
0bd3cc0954f1c488fd13cd899f066af8,113,79.0
4f2b17870b8eb6fb4e03d983310ffb09,148,78.0
93ac5d603db16aa47b52a0a6ccddb165,117,110.0
819d48be727add257e77d1762575fdaf,60,87.0
d5bdb444a3863f88cf8cfe35019e6107,74,141.0
c0a537121b18d10bfc0c3d15477cb68c,95,78.0
6345fa0455232a450b21b3a43bc380b4,97,66.0
869a1e458f0cfa02c03fb964f43deafb,71,86.0
80518d1bfba079658d146bfdb32a93a4,40,78.0
8cfd0622c38e7406542af3e32f54e32a,63,77.0
03e50069e7bcc4c0fa3917eff9d85d5a,94,85.0
c64ef8666fd42454c97b73ba0a4d5d69,94,86.0
5b7ccb7bfbaccb6eae4bc1a6d38b5cc0,113,68.0
03032f5298599f9f0fbc97b65e241970,77,63.0
12de653cd68db68b2969bb7082d7511d,58,81.0
f788ef92e34a13c01f3491f88cfef09c,69,54.0
258b32f77d08688f63efbc09d87c87bd,79,83.0
bbadccd5f5fb4be6547c9ab0b4e69723,28,56.0
428787c1ebc61e80165e8cbbd4f643b4,99,79.0
ad4df44d93a751f49fe847bd9fa01665,80,78.0
f83c0cace53cb20e9c49e432310622f2,63,86.0
3ab2392ba1684d328f14514caf956829,47,67.0
075d2d4c4473d36a3f333d2d7be09cf9,74,84.0
503a8854dc1e21642b7a34c2548874dd,110,65.0
bf4e270dc71d86c28f0de6baf3a52e43,74,50.0
1027b25b23d7e49d8e62c2805c42d0ad,105,79.0
2f5d0122358b5d886ae5ba7ea360036c,48,46.0
6faa03721aca70422462d674210297ae,98,86.0
eb65122907217827bfcf100585b60ccc,58,70.0
e99d24aaca5d15841e5a7836b144a962,74,65.0
c89394a823d958014f6c2c40d12d4b1a,61,65.0
e076fa290a28ab7d441706e6a94275f4,55,61.0
872e2400726913eab6e593be76fe1ee0,90,108.0
84331954cb9cfbefe1075deeecfd493b,83,71.0
e6de1868b2ae768b74671d563aedfcb7,30,55.0
a0fa43d540755c8f95d2fade627a163c,116,83.0
bf0699b35988a257ce3b45b2942a38ec,44,61.0
ed0cff74bc11f096641ca54f018ee483,119,109.0
f5b97db18efd639d929e34812aa53b73,52,71.0
aef0444688f3b0ca345a1ef32f0e917f,74,67.0
f11047eb32256ee3c1de68d6e2fc75c7,74,79.0
1dfdfbb3019b9e6fbb1f51274ed74363,143,95.0
8fe0ceee82794967f1ae387f5fd56212,93,93.0
8dc17c8df7687a0ceb20b491dfcc11ae,105,105.0
3a4f2cf03ed9dd96a83189badd3308c9,82,78.0
01bb91e103b3ae2c92a2271b5484c329,74,64.0
88d484107837f637e233fccedd74cd98,70,71.0
42c483e047e7199f01f499059e896f81,84,70.0
c9880c820929514f7619b4b153a3f54a,66,54.0
990a9521ef2368f6fdd23d7d64b9d308,46,57.0
888fd486008433b5a4776aa0bc2e6b65,69,87.0
287b12b085a7a40209270befbd1fdda4,105,83.0
fde7162e49cf0ed56e5adc929266a0c3,53,48.0
ed69ca9cc816ad56e7777fd3115bab6a,94,102.0
29cc95f55915dbe19c23547504a9f6cd,105,78.0
714c76455b35332ba6f26b5fdb65a807,49,84.0
b336a35e5b1b78a8b65269a6efb32a73,74,94.0
a7c0cb2d1dc752b37bd10c4ac18cbef5,74,64.0
9dfe5e92e87588e1f016c26b5b96b73d,123,84.0
22db71276630dbe89e19beca1692c8e6,84,85.0
e5da73886a5c9699f81b16b5212487b6,58,57.0
762b133c3e950269abcadd9461d09224,46,60.0
af31dc5bc680e90466a68ff1a5d7e6f0,74,85.0
0fd138de1429da97063022165462f3fa,77,92.0
dc6eafdbf152fd54eaba97666da34133,71,86.0
8f8601874ff2047e7edd3f496da86a55,148,79.0
b434868c421ec70b42e1dea0cadfad53,99,76.0
ccbc6ffe60bae523aa4829494ef0c69d,205,132.0
78ded4255afe70b897e4d3ecb9c0848f,74,65.0
ec2ac7ea3e25191e046d21136af3fe5a,92,80.0
086755644b423e08316d21c11b623895,55,66.0
fdc944a10c92705c439f29f4a52e3c83,107,86.0
293d1ad911a88ccd0e00a9168507e959,99,92.0
8a880422af02155681212771590de107,119,86.0
558e6e4e4e47438fc757b07c1d1e6af5,65,78.0
66a450d8353e8e5a23a7634a7178387c,93,72.0
eab5ae524c76161ab08e9e2ffdc1e841,74,47.0
59472180d31a198191000018719c2040,74,94.0
89c4fa43b25bbe9cd17c7645ae48857d,114,71.0
237051b3dffb8f7e00080162a5d1b311,74,80.0
e108a53be568198a0f2894e2c8a7efef,74,65.0
72dc3274fb069b0a8517156600b82c95,107,102.0
78741c0445f3ce44a2c6c67b8f1a7b52,78,95.0
5b1857c3e4b7be6cfc81839b8b5b2129,117,63.0
8f178de63763f2fdabc0b6c7102d8edb,104,72.0
9c8d066603905d80b92bc96cc5ae1702,66,92.0
3580d4b4e832b528e0cc4a84e6eadb65,74,76.0
4448fe43208246bbadb7220b11b9dfa2,91,86.0
ecfdc05ab2ccf5e9e6b73ff3082f1f29,74,103.0
f040ffc6ee971a4464c19bc601a47958,74,110.0
9a0bc800ae968772dc2237c0e12a09a3,74,74.0
9bdcd862d4cd08371e57e3bb8647e05c,60,85.0
f78cbca4d77255390f08a32f34a719a0,62,80.0
c89bb05286cb047d2868be6e960546f4,99,88.0
7fbb4cb04b539dc943212189cb4ae5a7,55,75.0
32ebb6c7de62b851d6ef47a59c3d519b,126,85.0
59cd30e363004cee783c8199e6d0adf9,74,91.0
cf4aa6b007ccc36e44bbe541aea3d4d6,37,66.0
bbc1a0c35b00dca24835b8edb58e357f,25,46.0
f8792ad7e3ac2b1fed416311365541dd,74,93.0
1e523c504d92ff5282b8d8e64077a299,42,63.0
3d7e17e936360b2410d93ee5169e205d,64,88.0
b0e02b97862a7f4921f5b7b88ddb6eab,101,79.0
552a29e3a0b70dec42d56bc5384de102,180,119.0
8d503869bb456086d379d8357d479487,35,61.0
89d9ef7b4f10f0f8b8f4097bed64db2a,74,118.0
b627c97890f0a1eb0f86336dc8bf5690,47,62.0
91f8dbfe664d47bd483b17dbd5c77bd9,40,58.0
85577810ab967003c1d5fa714436974d,57,67.0
d466b5d6ac5709381832585d345249ea,47,53.0
4e16691d62406ba3d66d8fb7aa8b3381,41,66.0
ca778b7fb2e279b850fad92e64b1da29,43,67.0
15bc6518db3a18c97abf81712a4baf66,74,102.0
dcf086aadb08ef7e695fadd723d881a7,115,75.0
ce77b6d2da31dc8d3865ba0d18601140,65,57.0
efcf7167272c62d5af4fb6cb6152ff70,35,57.0
76a5799609ff60ad08add83c20c8a9ce,110,69.0
dd663dbf81e6e2421b5de3684878488e,69,83.0
a910a7dbeacc291df4fcaa9728127593,49,58.0
399f8c94bccf0ecccc1ee396c92bd5a5,89,80.0
c2185073c7f05c0775ea0cd74bc8997e,76,93.0
7be04921e8593833ac885640e7b4997d,74,56.0
f0a8a19c4ed1290ff0ae344c8fd08b5a,74,76.0
0afbe998b5722be1eff7bc6481958323,49,89.0
5e2ecc79724d6886e453c9390964d033,144,82.0
a4b12371896e923b5d0bcf03c54acd6b,52,65.0
477f1e681e7db89861fad188e01e5f5b,56,86.0
64895839af3817fc1229f0c4988b0f06,60,76.0
6b83cd4ae411662ce3bfd27f8e93d612,52,76.0
5d30d53d171b75c4a43aae05a8d23552,112,112.0
7e9cbff851632715103b1ec5d7cadce7,74,78.0
1bd26bccf6c7dc31a182eb7875a4100f,74,66.0
661dcda4839a5ca554d737b475e9905f,136,126.0
6ea3959f995629f5c293f92b8df00fa1,82,91.0
ac48e3500c7715ca8989d0c24428683a,66,70.0
0957a502f5480ad8fbd6be2de4106c6e,74,89.0
ce6d073d3a783071040db2f5f7c16f86,162,108.0
83cdc427459963a5c262d2bf6f8e8bd9,133,68.0
a811831bf679372387e82c7703a6e860,69,78.0
b977a74867bb99ace05743189ccb310a,85,66.0
2b86e3a35d200f3f7026e954949f536f,138,82.0
543e22c97b3d65b9334c1e5993b7fdd1,130,80.0
c115cb4378f814386e0b0e4e50d100e0,50,70.0
522b14d30f5f93dc20cb1f681f8df3b0,94,90.0
874a05a68d173792ec7269e23920a9f1,79,77.0
5ec8478f3803703d4ad7cab5d300eba0,45,70.0
c3ec842bd5f05d5cb0671760d38db201,47,67.0
20f55dff402ed0166f3967882f2b24bb,95,84.0
c58196d0063a4aa6036f8dc3e58badb1,33,64.0
0005a6ecbbde1e8d273f5577bcff2c9c,41,65.0
86b4d225e2a11c7ddca0f8b915cb4ab9,36,61.0
085747f84db37f4d484efaa22265698c,68,59.0
7759c5dfc54c902c6ff16510afa9c0aa,134,109.0
5eff91f5e16bea0b6357b553e3c76204,149,111.0
764b404f96415dffd41fb23d71c21a9a,94,77.0
38c9f07d0e66086f34a447939ee09be2,74,82.0
a2ffea84f05dc92c276e5d6f44a2cb5b,77,73.0
a3b3ad73f9eb4abf89b25eac8ed97320,51,62.0
3b1fce8fa983ae9743ccbed0d7cfe3da,74,71.0
4f9d3205279becbef4e82414495b5745,97,79.0
484accb86b276d989e07721ed6ec1ec0,75,85.0
9f93e12860e772ef7db2d5020b86af21,74,91.0
91bd5b0836bc14104ce5a67df280a79d,119,78.0
844f746ff505c01c088de90bce067b94,74,48.0
dfa672b628b6ce15699a520cdc057d92,109,107.0
d49186aacff5e47ce4275e23e3865fdd,165,135.0
58f3602c92f89f6a5296c15c7744e1c9,106,98.0
64284534d2fa9c8401c507f4aa250780,101,94.0
13902483a3f53de20ad811537d0aa151,104,95.0
4e0eea9c686e35444550f00a039a298b,74,60.0
64eaa051dc3b53c016ff7af97373d793,106,88.0
0e28d0d1dba8e993b49b1ac99fe169d5,89,76.0
4eb476d4294584a3b9a14d3bafdc1cd5,80,103.0
784146c47c987149ae62f635aaf80fb9,141,123.0
42a5104a5e2cfcdcca457a52ad026bdc,74,94.0
4c709047f5e69e20385ff20a83445b8b,58,85.0
eec44823a300b5c3bb0ef89b1c9d1346,74,77.0
f42d7f206f5a02642d0443c1328398c8,43,51.0
b91011326598af9a6785babd59a6d5e1,69,60.0
8d8898222816db851bd251a4cce5b9e8,74,76.0
9f06f811d287d5b543243d01e22f8823,59,77.0
33ded9828d217fbe771f24dd4938f317,55,70.0
035bd4d9b39c47dfbe4bade05cc25cd7,56,72.0
8fc65dd2ad861b2cb7d513ac9152a8e7,74,63.0
a2b3278f2cfe6f5043354f74c3a03eee,42,49.0
5aa8338b837977d9762c5e02ad9f11c0,59,69.0
6801693c7be3b05cb16b4c82c31cef6d,68,68.0
a67d1dad42b1ce893d28285238d553a3,57,66.0
3b95fff73fd12cf766de3825426ccaa5,59,68.0
47937b499cf3b07fab5f73cc7f0f3749,81,79.0
add92040757ce9331dfa245da14a42b1,91,63.0
37798a873a4c2fa60bb7495439247fea,123,76.0
ed11784c45746824e2e84c3c4ee9d33f,62,58.0
5671eec5852b6bef7b01ccb8dbb267f7,74,78.0
d111557217e6b1ca5ddea50665b41c16,74,65.0
0f18c18d4b2e268d5646c70dc470da44,38,69.0
f112b27398d59abe677f5205d0ff9e0e,52,77.0
851d8b67b0d6dedeee6f6ca063a03b79,151,90.0
dba8a888bc0df0b5d8f6959f2fed617a,77,81.0
a883c16e3202185fcd45a1184919dac9,120,93.0
41b49df3212202684e621f6a7dc047b4,74,103.0
dc376f484bd3fd039ecc59635c248b39,92,102.0
f80102d44b48442e766491ffd4e85312,89,77.0
a34538607089bc9a38d570d6892ab872,74,65.0
23b9ad819210fc171304f852c69fdf53,110,82.0
747271664e944e77c2b90863ffd6e8bb,76,72.0
bf838e281a84a800d974f9db77d29a66,49,79.0
e359d8d8a21fdb46023efb324db9fcca,111,76.0
e2097fecf9158604e43c0b8404e00f4d,74,67.0
73d8fe4e3b63e0ba43847cf6beb24f86,76,68.0
d170995c3cd3ad1fca89868a0cc981f9,74,69.0
4d44476bee5b191f09b82b667bd0cd46,57,73.0
0fe5ca6be5f979251d2c1ea0352eeec6,68,87.0
e037ebc818d6f1f250513f4924c10626,27,41.0
0ec7568332a953539102bae1f3c53662,44,50.0
98a56efbe1e75c64d8ef934f6f902656,61,72.0
3aa1f645a38ed326c45e13af4149248b,74,54.0
05a593c72931cc66109c65e711c63e6a,98,107.0
3abc6d24163c49ccaf4dcaf691a91c99,85,60.0
5fb8e0deb7d32e5dcf8a1727d529ec26,137,112.0
dfb6894dba2c51d828f92ac40c82ea13,74,50.0
bac2d6502c0d5043af72828488466111,75,67.0
e4add7873aa3ba2b6591983bbf975b3b,95,95.0
5b414b30175215846eebfafc49349f0d,69,78.0
25be46d5d80af91cfd64b1374c6e37a5,96,96.0
0b86273a28e3d79853281b61d2aadfbb,59,72.0
244bd9a6164746b064fdf0ba8ca49c9f,65,94.0
9e06c4d93702eeb46ce5ab927eeae703,74,79.0
4a9e9db78222ac7192175193c6a7f41e,74,111.0
c036f92a8edd9d057b57506459589473,74,67.0
b0d91d2d60b53f9dd297faa83eabc224,133,113.0
cf6a2d30f921acfcd9e130cda850a931,97,58.0
22740ce526014d9498a43cd6d0885c71,105,75.0
d59d8f884b689a8ba6357a60929f5982,74,77.0
abae15e2b6e96a254d63020ab0fb7d07,38,57.0
efa581754dc97372c56a5cb82b1cbbae,28,48.0
dd761d8e8f3f4a5d3bb6d3c2acf84a8a,74,64.0
281c88a3ccb87f4e4b089612f4e4bd48,38,48.0
eb17d2c09aa441837129f2f4bbd13ec3,22,61.0
3d607988da03688e795cbbc7188b2b31,103,92.0
bbfe92d70d8ff3b3097f7f7b3a445601,70,82.0
fca688bf1eda9f600e67e050190bd075,44,53.0
0b3d984c34222c259589b7e84128687e,33,73.0
33003e93517bca53efdd5b42286243e4,141,117.0
06a61a40956a2c0725caff98a0dad115,126,94.0
fc1269f4d33092007fc4ad86522d96d5,74,81.0
262348ee42d9ad6bd831083a27bd623e,75,81.0
edd9d561ac322e012972d1f3f76deef6,74,131.0
f1b0839b183013339efa7c1adbad9a04,93,75.0
05a3bd575a1a32d5fd8411332b43c9f5,153,89.0
aeeec9245fa513ce7b628ef0a2095b79,78,71.0
2129348190dfaffc6b53ae52e68e9397,52,70.0
c487bc00166cf34e211091329d0620f8,133,86.0
1fc7d59d3b5473f88009bb86040e5e34,68,79.0
d7c597b4b1b59b708cc355151adad709,33,57.0
c22454e112dcfae65a1e171c7fbcffe5,74,95.0
d13e90990a3bfaa32f77a21f9d118734,82,81.0
9db850ea496d9ef4c7afddc937ce8f6f,74,79.0
16dd25dcfdec735a38b7a819083c95af,83,86.0
9125002d31e9d6dc2d6d72aed98cb04a,93,108.0
ec558fc6cd7db2ed622409de53e7c448,74,96.0
b753422eabee57424b68777a1cc58b78,74,48.0
ed2ac506cad3b5a5d5eca4969965e752,200,115.0
703b935be684a071b525152834e49aec,67,83.0
44ea6192f03f9f9e4634bff3a92a1b3c,75,95.0
d7213e8c2a68f442b71226c51de42c40,74,67.0
913927b0d292c3ee053409d63d1c58f5,81,68.0
fdbb8189a8176d0e36a77b4c7ad38899,74,75.0
837bd01d5485868b0503a696fc79d115,129,69.0
35accdabb1a7ff1a5c0c5d81cda2b7c4,51,55.0
cc4d8822d5934139b311df7d0e8d18be,74,67.0
acd710a5e979b07eecc58850895dd5f4,133,84.0
3cf12074b660922c1af4285ff45cc7e2,87,56.0
b0568bb5519e7fbfef3b27c34f3fa68b,106,68.0
7f00ecac107e8fa8c2fd1baf46dd8b21,73,64.0
c04e2c8883cc32fc0c0f9d698642c40e,64,90.0
7a11525c9fd9690bb307306b162fcdec,49,56.0
08bf8df1be73e71e63352b929d6e4257,74,88.0
0c2cc9a60cf03bc350b553d1415f785a,64,67.0
c539a78331fc925bf3f22d2f7c56543a,74,72.0
0bb9e6ac658631da00958452fe30bb0d,63,80.0
927848af9fd3f44dc52a82ff64f5f731,79,73.0
12622554da98e0ba8ed898b7e7e1d400,65,76.0
e8649cb603f73442b261695491a23afb,31,56.0
5929dfa91e1659fe912b699a3d079053,61,87.0
648c0ed9cc62136fa04b8b79e1768de3,99,75.0
3e8bfe2c4468e7b3b0389c91dcc07f13,73,69.0
e45353f8565fe4c8ce8c26c97ad904f0,104,105.0
e030e5f8da25175572207cd8c4f946c8,86,69.0
8ab5db7bfa72a43ba0c9a881e2e875fd,109,75.0
1fc71b49e1d0619702b2a4b901bd9950,74,72.0
bc9674ba28264afb4b213519b9dee1fe,56,70.0
d0f96c108e1555e44418eb0afbaa4918,111,87.0
ed907f229e3f0e4d89ca83b3a7b98643,77,103.0
4bcc3ae50474984302a06dde11973721,88,66.0
6bd2d56d05a8485e19e619f33c6181fd,143,103.0
7bcb980ac62d1cf3604f033f6cb5a059,128,101.0
ca885c83083781409898f8c22e753045,120,94.0
82a5dc15bde5a41196bf9b1fe145a6b1,36,56.0
90d000ea28bd1fe42a476320980c9189,74,82.0
97d6f32474b01528fffb98c9027afa7d,85,82.0
b77ed8e596a044de0ddee9ec5637f20e,64,61.0
1535987244fd9a78abf6b2362d8f7b02,80,83.0
ef4a2f1033e37bdf7fa8ab180f574e7b,34,62.0
d180dc1af4a28cb39706c92b535476c1,57,72.0
6e0d8794c54f815204d0c7517ce70e3f,64,71.0
50128ab6d290a2938cbe9b4400a85522,47,85.0
60c9cf88fa15b1577d17a44c7a278789,105,78.0
501e78863e881ea01daade3bf480827b,80,73.0
672bb6b1616d587c2a1a0d77d8b6090f,49,63.0
3328286960f846a0c04d37b39043faa4,74,69.0
eda5ccc6414e4e1a97f7a73ed50516ac,108,114.0
2557397691427658bda65ec39b950f4a,78,79.0
cef73cbe1c570c4b91e622dac0e7ec6b,68,83.0
8c565aa96d9531c1c1c54f8e613a137e,78,79.0
83e1effe7c1bdedddf7c327f773cd471,53,66.0
4cef036a6678796ca30c70fd182c7878,73,78.0
50e643ea987ab2857e945c89f30145a0,92,86.0
178c38b8c729a976dfc3f81b40564c6d,169,89.0
395ea8d5ac600704693e9225c3d609fe,97,92.0
ceb19a75425703bcc8b54f9c85f1ec6c,62,72.0
e4e5c5c3cec687e51a2b6b1bee8eafde,57,78.0
189811a418a79a6e2fd76e7b18abaf76,96,109.0
9029cd13d13710f14226465a35f27ac3,94,74.0
1c238e9ffc54ed5ca4d8a3b1e48db9bc,117,85.0
4aa094cdda128fa9832794e3b99a3ec5,60,84.0
f12099dcc30d270d2391be18ad1290ff,79,70.0
16a82ade83296a4945613356ee7cad09,88,75.0
c1e60ea1db72705951144eb1457993a9,96,75.0
ee553abb213bf9120435dd85304634ec,40,64.0
62d593de6a14da3af0b0d0d2e6be4a3e,112,98.0
23d3bf8625e2c3bb0693abe0934d5873,63,78.0
fa79cd66a003f0906bf095b8bb0aad7f,71,63.0
7a67307507c32982e66fbc6aad07bc44,36,52.0
a36e7fb09977b9c0f468d852728676ca,58,78.0
68bdb6cc325e6602b71d9b75baabb245,61,90.0
2a3cc22773994c26e577893ccb218bb6,52,74.0
c2ad3d3c4febafc4507cc0986686d56e,71,69.0
e41c8e7f81985028bbf421d52655d2b2,110,92.0
92e6a37b6889f2f9eb2a24c16fef16a8,140,96.0
0ce30fb876caa6f86b9cddc705d23999,64,81.0
f3dd893e35a336793bafdbc3f8965e0e,52,72.0
d472d0ed23ef25dfbd5d567388a7aecb,57,72.0
60980ac4f1a68a3b58ea8e297e70e954,57,76.0
8c9c8133866687d6ea7248bc999fccfc,74,89.0
9614319bb4a9dd508dba90a08941e749,60,85.0
fa338f0e45f7322dc563f624b38c8856,37,77.0
28f469bdec7566f017dca680d99d91c7,46,65.0
da3213aafdf45938d7f34e63d1554395,68,83.0
419729d97a76f2befeb97733a63571ab,74,65.0
1f9c619f4058d05b7ffc09351c5eaf1b,48,67.0
5d81443207d4ed484cf89c6a87a355ab,80,71.0
03f99bdfaa1065a11d25a777c704130f,72,70.0
c07791c008502244270d56eece680a70,74,71.0
44bc794a956dd45a5091c86a537f4cd2,76,72.0
dbbd2e5d5efa3838fd0a61675bc5c1b2,74,98.0
1cf05f0c6f0a423e4e48c4d788bf9197,99,91.0
0fd6323a10bb6c22a3b23216c2e51984,95,101.0
25c7285c87055570a76e2300e69a1762,62,64.0
7e50a1d7830d04a35663d3fa194c84e0,47,63.0
2c4c4d62eaf23d9576c98b3d75daaa38,37,50.0
5184f465f3dad012c113dd5b2fc418fa,88,105.0
fd9244fc9c57b07329e9d5958106eb50,88,77.0
e9676bebf330e133df398dc2fc3e9582,94,130.0
d3000d61520d24180f5e462c0eb0da44,49,60.0
5887af872b0f445836b13e7efbbfc9a9,74,98.0
86523798fa090cb767b8b8eb4276416d,48,62.0
5e45d2dbb9ae3f49f23ab9ec7170138b,63,65.0
bc9fda3732eead973c6eff5d30b977f6,65,41.0
f16b8db5c407072f573628b3f621b779,66,56.0
18dc5135ffa6120d42b9c81cab401a11,45,67.0
8a29bdd617be9f72851b8a137f713ba5,74,83.0
3e09a9311c8751a35a69a30dd2d8cc42,74,126.0
f867ed94d1134bc8204ea7c43d9ecbbb,105,93.0
16caa4602ac954f869502ecd91e9cb54,47,71.0
597a2dbceb434a0b1cc5049df65c251d,74,107.0
67f1457784008dfcb7d08451984ec7d6,42,64.0
ac829c5df613508d21fddfcb993f83d7,59,60.0
1c839300bc263221117136d1c8c29591,62,78.0
4c526945181983066cd302641ff02692,54,71.0
0e961172e53979a87df04ce84ce78049,119,108.0
ddaefc726f8f17c7d650d84911210a27,71,75.0
f6714e87609469bb721451d85a43579d,74,59.0
57c90326230d0000c5cbf4eecf3d9ce9,75,72.0
b8fb4aac25230041b3da09b1c8f35956,74,56.0
546b42f67c646ad349802c2df1d8164b,39,64.0
6a2d0f0e1da7f6994374cab4bb3fd143,147,130.0
c8127d476bd7c29c6da8d58723d4e7ab,74,110.0
dc652b90032bcb12f837e2a068b1c6cb,38,59.0
047f182e8b05c956062dc29dd4886408,74,69.0
fe18292a15a553d74dd7cf5bc3d4253c,48,63.0
53f3dedb3aae3eccdbbfa23f00a10f71,39,63.0
91c1f029b3ae7536fb6ffcb02283ff28,74,67.0
092bcc7791dc7fc3e113194d37d61b10,42,64.0
103b11165107e40c5f432335c52f1c76,66,85.0
a316d067ad5347c02bd3613a009c1639,98,82.0
ebf6b46991e9940bec52982601708e08,74,52.0
4bb05bb24439334cbcccd635cdb63baa,69,97.0
321eabe3581cb93efc49d9c13d8f491a,34,63.0
db4c2c16d09dda9338883b2cb2e76433,74,80.0
200ec374d926bde65ca39492a71a8f50,96,84.0
224e80a2d5672be8f9b441e4fffbcb7c,80,91.0
24d3c77a3a16a2d9fd455e0c64b0726a,74,81.0
e82db5002efa775d4bc3ea8b303b3324,89,61.0
c1b38211b20e6375b121e0b0334a77c5,37,62.0
d06d30ec755c8a58cc0770afb0870491,74,80.0
f39d4e2c233d2a9284c521874773419f,73,82.0
f3847f2d59fc10156ae457c2e18490c3,51,68.0
8d2c123a972542a5c79c2ecf329ed210,75,77.0
bab1f15c3ef4d16374c5e9cb2bc40f1d,70,80.0
ceec68201cc65967da79f310eba47267,74,101.0
e12cbe1c8831100ee9527bd94a9ef173,42,81.0
bf6870e987dd37a3243d32d81350911e,133,119.0
04843170b0f35fb1ecda1c5a9a4cc49f,74,73.0
fb8fc077c3f51cb9f85a961c84abbdf3,74,83.0
4923fbd17ce57aae1a0f056044a3efae,164,103.0
6b7868fc413b7fc1fe6184518e1736fb,109,70.0
c915fdbe9d0e99b6c29716952d03f8a9,107,114.0
2b8de0cae2d449f069eceb5f7459028a,74,78.0
a93ce460097d8517054d5ef3d2e624c6,95,88.0
64228b2ef76674383ebece50caa00bdb,68,77.0
7eccffe2f2fdbcca05a4031d80cd91b2,101,70.0
38730baf32ce14efbe116b54327153d1,107,116.0
4ed24e4cece8a8d3312b60e1d9e89595,81,74.0
0bbe5de80887088053e8f715ae875f7c,39,79.0
9c1f691cf8818e6d0b724dfb36e74883,74,78.0
78073b07286f50dd953b10de5b6d8587,106,99.0
ba86ef0c3d94eafb01147e1154be7204,52,65.0
f0008fc30b181720cdea6f48c68ce9be,42,67.0
77d563c4405df3b641e82a56ee41ccac,93,90.0
4ee7a7aae14345ea3d04c40dca5535a0,154,120.0
e84cc1107793c2dabf930fb4615be253,110,69.0
65a915c80aaf51bc9facd79c9e3048fa,91,99.0
14df06415ce9ddbf9075b194cc4d77d9,79,62.0
1c3ca1ece41f3b203ce6439259ab0616,84,76.0
ed61c54b0d1ce7519317b6ec04f84530,86,97.0
bb3cb1d5838b79bdd0bccc4f449418c6,74,66.0
c12779fd92a33f0a6bf407b5cecf5f59,74,56.0
5a82098beb4ae1b142093a7728233125,150,117.0
b6163e4047fb43c759e85e81bfc50a48,74,68.0
4a5f87c87b391101fa1df3aede8b6256,55,76.0
81034d3a1ce1e2ea081fcc63acfde97f,83,87.0
e0efd859b64140bd55234c2678e9d3f7,58,79.0
a99b9b0127cc0378362255665e9ae346,96,95.0
08eb648d5422f302af160590b4906faf,58,75.0
a4679535cc12b895b77c8a678aeef1c6,74,93.0
a8546be3a7836b549a692efd65ddf414,74,88.0
65717c088213f8489c5868ec138d1ff8,63,84.0
743c78db3f2ccd3741928a7767980725,88,85.0
7f598a97cd8094a7d1c169c535710470,78,86.0
fdfe09d72fdd40b44c25077e40de1042,74,94.0
f399d69f90a4e7d0dffb1c7c1809898f,37,45.0
58df87ac6a0935e933909fe4d4f80d79,74,83.0
14338a2ee3bc9bdbb0dc07d1361ad44f,74,98.0
c7c4ba182fd60012c4b9cb4658db50df,49,76.0
842afcfa47b1209ea42bd70f91b6719c,107,108.0
0e9c227ada2de89150bb736390da70ef,68,72.0
c1331e5e108e197fa22b5dfd0bf480c0,79,51.0
56f3391573ecb0e68940783eda3797a8,101,94.0
dbefeecc769dcdb3cd977fe89dae8358,90,71.0
e28c215be22df051f3842858bd355fe5,74,49.0
a4037841f0a171bf6a54777e138fbc37,169,83.0
43fcea52ab2878e03ee5709cfa06e945,69,74.0
d65033b54d3a56605f4aab868a0ff21a,72,73.0
4ed29386710ea891bcd773a23d102c95,78,59.0
e8f456eb7097d2da926269496b9f8704,66,82.0
4feb95b673dec52d80e216f1e437a7c0,44,64.0
9c9950be5e165fd20f3c5b01c5ffd115,126,101.0
f32ed1de0a20cbeac916b20e31129909,74,79.0
1ae7f7f9a7255b9477e0dd62fce5ecaa,69,69.0
936e93100351e2d7b18637fac3f35c5b,122,87.0
f2fbaaeb02ec47ce418d43561aa83b44,74,58.0
ac57a5e10a37c482c910f1d8de4caa92,137,90.0
38a11d4b4793b7c9a992ce6e6c50c3ab,96,95.0
1d9467eb99a420781967fb497da6dbad,92,76.0
a61a4bb6a00b6f83e43974d2f2d6f190,143,88.0
58187261ef5d0920145d3391dc19c4c4,158,113.0
1345185b85cc1aed6db5de817cbe26ce,92,76.0
074be35325ce0b68ba68246056bb3f87,74,88.0
4c706b6636cd8cc78420ba6927ad15ff,72,79.0
3d83eee5ffaf17c16d89af223d613b3d,91,97.0
a4c459c615bc3641e4a33a4d49ace986,101,75.0
aabf83b3f6e8e54b8e43c2402ecad7ca,74,63.0
6fd71022b83b6d217e6c48e299fefda8,71,88.0
a4ff89627b9644adaaf31c1e5ce71e25,135,103.0
216d1b33f9edf4b842e1e2fc28771606,19,43.0
7bb3da681ba665c1fc3a6379960f8784,113,77.0
d9575a04cff734396c74aa301c1bf587,59,78.0
9e5f46ab4d4b4887a0f742ed1648028d,74,53.0
c9d7b2663daebc464096f7e57b2535a1,129,93.0
3d946f80fe57ba091f9ccdcaadde6c35,73,79.0
d1b03c3ffc045d16c5cd39d6ab395c4d,88,81.0
f99450f8e538c112001337f44912fff4,74,84.0
f0f12291275db1851300f30fe3efccca,162,98.0
f21f74d52d1ea239ff1d75c63c7168e8,66,68.0
064405fed490ae90adfe1a5a8c6bc21a,48,68.0
3a03060f42fd7f234409bc8149b7ecdd,63,49.0
75863104d75ad638a33a73e977667919,74,100.0
1d516b4ebeb7e046523fea8b1afa5800,74,59.0
a840bd683826cc19db77a77a98fcb69f,58,86.0
1f012872c5c84052dd29b74a71249470,129,79.0
188f7aa407c7520d147fa4a9641e068e,93,110.0
3be433a970e553633190090702c91b7a,61,62.0
cc6c33c12fb3fb44e76257b25dc07c16,36,59.0
4c8a4dba15ca2d5690674918b651cbb8,108,81.0
cc534458d5860e0775e13dec52cf6bb6,63,70.0
5c96dd128ed107f519af3d258de3ba6a,46,66.0
382cd549a36672eaaf58a194531e7d88,61,82.0
01e42e2d8ffdb6e7d6e643711cab91d3,191,117.0
c8903e9e6bd75e040bf50e63f23e4a44,155,92.0
2c26b4539caf99ac1700f1025fc191f1,71,76.0
757ef389f071a6c9a217c46ba8a3a44e,74,74.0
72c97af6dfda8cb6821c92003293bf02,74,93.0
164a201213c17e428ed9474eae5be34f,60,65.0
a3961ee889cabd370c6d0bd423accd18,74,75.0
0012195a6a8ca9ec308a3010eeea8ebc,72,67.0
d7c6e56805a1f7fb012f0a6635b9d7ed,129,95.0
a014cc2c5e3192984016a7e05b6aa4b0,74,83.0
a6dded2c46c561c9c0e8ded3d843c505,85,80.0
21ff2ca0d878d8eed9e25374c9ac6330,78,73.0
36e1f43749b3df6a64def94be826e4ce,90,85.0
813a2cdd853a9bc3add1746222e4bf66,48,73.0
0a1851db4e4bf4c3083873ba7d3518ae,74,80.0
9a0fd2226df72cbdef4fdf746d5cbdd1,74,65.0
552934aa03c478e9f7a4930cf49415e2,74,78.0
d0a0db509ca82710f97588989a4926a4,74,54.0
1711e488dcff98c1e015c73ce768a924,94,93.0
84270c691acf4aaa33b429965865ae37,50,62.0
a2cd35567e84bacb9466c5967dcd0a0b,74,78.0
e66ad85efe9ebff37c76e3433b474db2,37,60.0
4a10b31263873ff4c85cff6babc585ac,179,107.0
2829d64c3458a070c950601e547cb86b,149,92.0
764d3ff9d5bd8c0ea92ae47415b91676,38,75.0
cad4258385d73dcf7dbf189b1605ce49,52,70.0
a8c9dd92418baed62a2730ea9cdb5172,114,104.0
1c45ed543837fd788c1918e6056d3d91,74,71.0
a77e9b1ac7d19b52b1bbfb4bc08ef158,160,107.0
21b18237d293371860db66a586a42745,56,59.0
2be68a8480ab7f1ec6bc0e11d174490a,88,76.0
2ffaea7ce4a6dfb693d0dc146d492172,74,94.0
f28528c729a367f03c0780ac2a8ad541,177,129.0
a5b8bb04a59a9e1c07470b8a97dcd337,127,79.0
2501c5cf454669111e63cab43cd39939,97,71.0
04849656689050838bcb3b8f1eccd1fa,67,64.0
d1d613a5051cbffec60ee4dd1f8c941a,80,82.0
0999341e6b22204101577a56bc342470,42,65.0
6bd8a4897e743055421f7bf59d45c38d,65,70.0
c4e240e9ab8f24ea6ff2b617b514fd8b,33,60.0
78860705197a7872862b3155c272944f,94,77.0
58f0771d2b28e28500543067a485770d,46,78.0
e5359690d5b485daaacdfad81225a08b,69,72.0
fe6e7b280940e6801bc72cfbaae8702b,166,103.0
05edc1cb841041647c39a812eb34eebc,53,62.0
e917848dea98ee3ab6d13bb242267d6f,74,76.0
ffb5426737655689d59b6bdf92003b77,74,104.0
d3c39009c9abee7111f409c5cbee6fcd,88,95.0
c368b8d754b985a34f36de3a22f8840c,96,101.0
beaccc1eeb55cda6f645127b45b6de29,74,67.0
b71b1d5df2d7c46be3e7b669ee07a027,48,59.0
d1348f2ce05e5450c7c2e0042e6752ab,95,99.0
27daa13ff6fe04848475d57e253ec784,74,109.0
f1eec359979df13ef4eb8d24724192a5,74,75.0
6d87b2f731cc39240a30b87ebef1c07a,116,123.0
ac3b810ab7e90c4644bab771844b8e10,74,97.0
0f508a8540c6c6418715b81fe93e69c3,45,81.0
50a910f30c40ccd5ad17232305ac0e0b,74,60.0
adff45e1a5476fc4d03c8c8d4acbfe44,34,61.0
c8ef4c5705666f6faa37c607bc7adbdc,26,54.0
9f8c860062abf0827d9e79f8421d64e6,90,66.0
21ab3a7283e378c591a3c103f6a0d1d4,86,91.0
36932f6a2c7c648b0bb5337a463edacd,116,104.0
9972ca1671abbb4b2339ee35cee8e6df,33,59.0
2b235d4752b3f67845d61c3bf49929e4,65,56.0
6b5d3017d5500ec1a4b84d19ac3d578f,179,94.0
81823577f637984f19839f277c2ea9be,104,96.0
2e73bdea0562294672357936cab01b3c,47,64.0
bb4f21970c4daf9360768c778173e07b,93,95.0
07048cac9367c828732a5cc5c90627c7,74,60.0
7cd966f33159fc6f4b389cda88bdb4b9,59,78.0
c0c6f614e4a44694c658603e4680e5f9,35,64.0
eaa5527ea336eb50be4f05bb18d50e39,101,73.0
f08c2145a1700fdbdec21315fbd4a9db,52,64.0
ff798970a93b5d71a4272aa08c60946f,34,61.0
4004d29f727540563933744cb48ac1f7,99,63.0
19a6f00b55b266497601a4a878f64596,52,88.0
e934edbb51277c7670a07a6a85e2388f,100,80.0
904c86ee2a6ba6f0076e299b81babee2,60,67.0
2f5fec5a33424f76ed9c33480f9d1a98,44,50.0
e12a952cc353ec24e4d0190a09822b6f,102,85.0
71b4a4141040e719c6a2768849787ee8,74,90.0
d4bd6e873bd46e5db7ffb2a59900f59a,184,97.0
4f073508ae11a66333a50077d4421440,105,104.0
68839f9c26e1fc9fa288ce8bafb5adb6,116,112.0
44b3692c78b72b2bba555e2de0c36b8b,52,62.0
5bf5c56c19aa9b2b9588a560ec0ce6de,68,61.0
8344b1e360c2db29400e0f9eed8eed51,34,62.0
6a517c0b810becf4b3f0aee8e068a785,74,82.0
46bb5f036ebb9552256b86fbf8b5c87c,47,71.0
c47863e93b5ae533161dc0081c0bf1c3,55,64.0
b96116b8862f011dc8b74e8518f2afa8,108,60.0
a99ed1fb902029928ac151ffba71d95e,100,89.0
0bf953085ba983e91187087293ad5341,58,55.0
df39d0fcbb4185d5bf8514715a1610c4,74,73.0
f26e8088685904e0bcf387320b6b4b5d,74,111.0
6c2abe7f5ec5a62ef789f9712fd0f93b,56,56.0
fd92e00848760e2ec9b761157f0fb373,75,69.0
6791d35be03ebd21bb5b6d66dee0439e,80,86.0
65d3384612f91eedbbc22f016ce6683c,123,65.0
686d725ae50b11ebd6e55b7f840970d7,39,59.0
b15dce0479d9472342ca63eeccde8189,126,97.0
b1e1c263b0e6ed4e790c23723f9f81ae,81,98.0
9e4708b88d4d5521b89e6b299d083bb7,74,63.0
8ce6424cc868ebddd11b67b5e18e7a23,74,129.0
46cb07f183991bb8c96ed3e307536307,99,97.0
080fab02def014561078c4b94535cacb,76,93.0
ee8061604079612cfa9bd2131379c9fd,86,75.0
eb8e96fad86ceb1fad3772180354fe67,61,68.0
920d686c4a82cf930fdf5a82f3018296,99,107.0
8e8d6aae1d5026872f0784cdd1c13d03,74,57.0
a8bf043020de95659205fc2d5c639941,74,84.0
b9129a56eaa95b69d4c3ad5b17b14d25,193,115.0
a6f2b2a41ae1a69c329f98a9f8471213,54,76.0
fdfe9ebef5860326ed2a6099a24fe1b2,67,70.0
ef6e780d16d8e7c6023673484759cf8d,44,83.0
76605a3ac7c3e3b0e657db6d8191b698,35,56.0
f24fe61b3f947a84746294d4bcfd2bed,109,110.0
a6c8dff5071018789e46421f07a05095,40,72.0
c9d59d0c045dbaf0c8cfbbed546e5765,63,66.0
c7a6dc2aaed9daec8c32aec70fbd0b7a,141,126.0
c2da1752b5151b58ad9cc6958a75d438,58,54.0
382e96addc21274f4e66d3f7df92a756,70,88.0
57549b0c9fc659beb8bb40a143089790,54,97.0
dc9f38005222d684f489634b35a0311c,130,70.0
e685c74d61dadd7ddc2f41bae52cca5c,82,72.0
59d6dc50359b49cd3138883ea1b293c1,130,161.0
f44323a70d3aa2c87dbe10d68df5321b,74,125.0
1cfc71e8b59fe85c51292e1f4a09f146,124,132.0
62db212230fee6f074a0e0f299c50e4e,56,65.0
bc5d2e5ea3aad85149bc44456b3e16a1,74,70.0
17aa6093748bdbd6643402b4cf7b834f,89,62.0
c69eee16261c9ee32896e67ba42b7f14,79,82.0
22a7de081450f5beee19ce0057ac4577,24,50.0
229d80f473668d9b25d60ea4d05687dd,53,87.0
8bb0a798155a1a986109b725468dd949,92,74.0
d72eb250382abf5616d7558670f080ec,68,79.0
6da913f1948ae412b1e3843ec09fe8e0,45,75.0
6fc92d710837972b40b7aea20e30d0d1,43,66.0
d8b063eb6edbe4c8340988f7a4ef77e4,74,68.0
90cfb6c5cb3e969a0a757874318c63c0,31,73.0
33cd94548897b6445a610e3057609ced,80,76.0
2fcbf1146aca0c7ad02d2e10d20609d8,79,85.0
e2a57bb2585299add81b27cde9f09a23,51,61.0
5fc2931d118c3179050e2a84c9bdbf4a,88,103.0
766afd3292b4c257d1c78dc7af9a69f1,59,81.0
e0ef9fb59c1e4deac0933d984172b147,39,66.0
cae9fd4fa5c72215190273774fd2789e,47,70.0
5caad8b8aab6c690c97e10989e90c581,116,110.0
cb4edeec109ca2313a1835d79c68de20,74,72.0
a591954e6a99a7bc8d228731a5a6a44c,60,72.0
5608a92b76bde716fd55387256cdb3cd,107,107.0
609058a355ca3c9078c11359e9011ef9,72,97.0
3e032ac9927bb9fdf6fa8a92c10de3ec,56,72.0
221e534cc5ab1899829f909d6eeec383,74,97.0
3e38956b38ef6a534bd15bd65bb30e11,44,57.0
e2fd7173bc1285469b94415aa804e5be,74,73.0
18be01bafa42b5190732638ca2bb8b59,74,75.0
d0546a1e7db526ca3bf2c5ec51067e02,27,52.0
209729d890d0f8c2011f58885614c361,56,71.0
110bb46fb9841250e8df82e48500a738,74,68.0
22c2bbdc9e0b1a9c2027c359ddf7693b,52,70.0
03bf75581dd25f582e843c4c9a792b0b,89,87.0
3824a94851433da39bc0fbc83ed488f6,47,63.0
fbacfaa7e3be0a77f9bc3c5eb62261ff,101,96.0
7c8c74cd6006159e4da517cec6bb3cfa,41,74.0
44e4d49d66b0d9cf94e2addd7681f7c8,62,65.0
da3b481cb518a78bd441c3d6e90d704b,68,79.0
d1166b3c7d91ba426fc92112dc409f29,83,88.0
6293f59d805a56e92bb98e0818430241,23,48.0
39e2597f676a9a45059c1bf5d8f9e77f,83,91.0
0cae62729a90ba224f82403dfa06df5d,55,51.0
e51ef6e13a711a15f5455e0a0dea84f3,74,72.0
ce75edcc9ebb23144cd155bcad4d560a,74,64.0
35e03c5b344f2baef3d4ae0b1117842a,75,100.0
5cc484604be33e0ad3a3bbd81f1ccda5,85,95.0
834afa0ad62955532a0e43b85b0c54bb,74,102.0
d9438718a5e3d58ec96b86604e4d1df0,74,70.0
2222f6f2ea61d91bf86e87998d70ba6e,40,82.0
7835f6b6c59b94db822004dc1a22eea9,66,88.0
0207ddc613e1ca95c256f8d7cde143c9,74,74.0
c2c1f1549481272a5bc0d84224bb558f,91,62.0
7036241172a3ef8bd3ee36eb7c1f7724,47,55.0
37b8bc4d10b5138027ad5686c5b72491,63,62.0
9860cf8360afdf6d28929537e75b070e,74,90.0
2560b93afbb35fc3cb1d1e4f28ea4364,74,69.0
adc9160ef5d2f32099ab1f8cb13e5017,54,44.0
7e3979ae9582eb118930334ffb2081da,74,70.0
75f351a31540fab7aaea92a4c48ceea7,74,121.0
ea240e2f16d33750c7a43bcedb292c31,123,79.0
1cc84a4a908a94a5e3666cfde9e11559,74,80.0
dc61b937458d79c504b81b2a4159d544,67,84.0
42189ed4cc17ed0413515f2edd36828c,93,71.0
b2de763310b0dffb500db2b5ec41a504,74,102.0
f81c41cb3f283e052154168c8332d798,74,56.0
bf4c8b5c583841496547177fd921720b,99,77.0
6721829ae20ce12ff068f1a3959a13dd,31,52.0
5697c72df79f1ec74846e74888099fbb,49,70.0
74b0af295bacf89d5b6d04d59ba9a81d,50,71.0
0881b9c343826fc46f8a27b749efa808,86,77.0
174ac3542e4a2b89870df59ad7882a35,59,79.0
c4a54efa8bfa956f0cc14b6d0f621bca,72,84.0
61fd3fed059fe100751c5ed09e13165b,121,82.0
3141e18c4f2bb5849ceb4befa681ee37,58,95.0
24cc206a11a90ff912a1aff4cc3920b5,37,66.0
d75523b19081c82a140b333d47010813,118,71.0
5171d58bdf7a96e9bec1ac29ec5f1d3e,90,81.0
bbbb6f299667b5462e9b501f24455e31,124,100.0
d347e8dd89f28632d49ae2f527bbdbd2,74,80.0
ba633e469252cdfa657a744252fe2926,74,98.0
4e1c6a7e9f9c77bcf57c570b715777b7,74,90.0
45c4ec6093ede10c3a3394810823e044,84,68.0
b5663ee30726fdb33355d13cb3413322,69,76.0
18f355f38bd0a7c4a0246feadb1311c6,50,77.0
65d0352da02191a18e0e823120525225,275,76.0
ed0896fcd64f70bc32a838bcc75b860d,59,55.0
29ad89970d991b913aa9468aee261a08,89,77.0
8c8cb13e396b26f9adc7b5aeafd0313b,101,84.0
6dc80b32dc2c1224f8bba505b0eb91f3,52,75.0
30cc873168a9a41953f26d1fe48405d3,36,72.0
ea2e75013795cafcedfd1fb64303061f,74,79.0
4f597d604a821a65d44e8e57d2f907ae,74,75.0
44412dab05f1590f48770b017353467f,74,58.0
7271828b95d561e10b1780ca8bfd157d,86,66.0
2ebc0be91c3188216746fa0b47ef4bea,53,73.0
efd9b15199aced4c7f4dedc171833c2a,74,102.0
f1ac598a581d50e26b45596d8d47e98f,112,81.0
193467638d913bdbbe7eb77fa9f65e1e,45,66.0
224c483bb4b532a3757563f7b965b033,84,89.0
e7ac3931fa334b07d6b6b7611aa51d40,74,63.0
8b581242944f75fd61deae2d576dcd0e,136,84.0
067ae0516125e6364277636e3ead6787,172,102.0
a20fc2bc77d7e262950ea9a5d13e258d,123,111.0
7338ed438de87ed1ddfe8f2a76e8a537,37,62.0
7fc4ade8cacb9a3fc448c21e49ea9d5c,49,55.0
7ac78f75686e65134ff96315deba8bcc,73,61.0
7062f976e809b9359859f78c44630cf0,74,71.0
4ef4a68629fac6e3e66bf16394827c0c,133,96.0
e914c8ffcc4c66cecfb0f07eade29cba,107,91.0
03de7db8b03922c30aaa0ecfd70d644a,62,72.0
0e40710440652eca86bbb48ecf2f928b,74,70.0
480c48e01fcd14cf579672e858ff09d5,74,56.0
d67a14c75ffe97ccb50281e129a57aab,73,71.0
04ad3168a466c4f896c4d65ee2ab3b02,102,94.0
206544e640e92a2f3ae6a8771ae60a63,74,69.0
fa1498084495c94f4a8b4869c1961922,83,75.0
11be23fc5b9a1d9d19b05e0ffdbde581,34,53.0
874ca2cdcdb52a3917056edd71ce262a,158,85.0
a6c3227ed0a508f430f32105ba7cae2a,45,64.0
f800adc543836d9c4c48ef9de7710767,74,69.0
8ca725b5b0099c1d8e4ff533dae28c8d,48,76.0
c7f3c866db1f5b4d61060509c51892cf,47,60.0
b4147839b390f74307c12425a24564b9,74,66.0
ec9f499f0bacd93ba7f7299c431465fd,74,91.0
464b8c0c52078b820f4d128a1b31aae0,74,79.0
1b2d9a7c4097a342844137e56071cd9e,85,59.0
ce09d2245d9c324feda8281b8e20725f,40,70.0
29c2a0f2e2db3fa1483a3e269a2d668f,62,69.0
013fa396e9124ae249b45fd21c663192,126,104.0
84ad6b46b5b986a8073a1c01e468b7fa,52,65.0
893f010a08719aac86b6b4dbe445ce35,132,89.0
d364f6913b02072f0c326fb3dc7aff87,74,71.0
5dfc7e2d1e9c16ae7d1258489cf58abb,127,85.0
944ada1a9505115a1e056d8d95c8b625,37,66.0
262ed8e0141b72e86a544d015b107659,74,91.0
f170778bf52ef8334272e8e296ba2d1c,74,97.0
12d1e6f78f935a08859b39e19104ce2a,66,71.0
af143b10a820065dbd327e2d3865fab6,60,79.0
fbf351bb22fd781edd54f278bae1668e,186,126.0
49845e33bd5460f98688897bc4c15901,74,69.0
340b644b15dda2d601074c66a37377e3,72,80.0
b3866037e637ef84679abbb89c4a976a,35,57.0
bd51f4dfbb16a2f5ca97c62e049eafbb,78,67.0
c22dae432e766208e905ec1b25f06a3f,55,68.0
138640e3634136c251f8a20e1aa18bb7,74,85.0
b33b95838bf510320d648cbd5ec2f6bc,84,68.0
5276ad65c58cad4ad44f4a76f8175f95,60,74.0
72dbbd9cd13f67813be1d18c41c71a10,67,65.0
ecdc0224deedd326b16d2aefd7d8b2c4,37,55.0
136feea55442bbbe7da8b872084b85bf,132,83.0
0b898576899e0956aaba7f8df49c67c7,51,66.0
e7ce82da80a376315f3501b03e946c54,45,73.0
213acaead067d679c4ee42e00619cdd9,80,66.0
4f7e27ddf378ec8556ed0e44cca8be07,74,95.0
4d254247130b59894213ea7dbfc9e340,130,99.0
ab6a6e004ebc1d58522ccef36a72ea3b,79,73.0
7d69068c1bed23da208ca4420bd9f02f,59,80.0
167ce626db4e798d478ec69a98f8e49d,76,107.0
c65222c1b166f2592454fb33c08c13e4,158,131.0
d3fe912e2f862417e211e56d92ce26db,68,63.0
e44df4757bd2cff247592b347ed3e5f6,27,66.0
bad5c6e8cb74b682ca4d60091698068a,71,93.0
a4545449d127694f0187e3fc11e8c9bc,117,72.0
f723b671d12cd297a795016ac859373a,69,60.0
7d444093324e815fee6849b9f571b487,110,103.0
e6b3314fdb368d92268337ae0eb68485,50,76.0
3fc21f9acbe9eb470b3bdd5f5d6f6356,60,69.0
a6fc8005d120410152621cd33f4c4ac4,55,82.0
9e4127a4a4af258a46108f22cdb2e5ed,65,57.0
8a88d493aee7ef4041adbd2fd09db2d1,67,73.0
cabc88f1ae7910b77faddc9f3802fc0d,71,58.0
1cfb7165b1b6bdb83d29717b7f4d9cea,71,71.0
d5f9553a445140cb0c9f6a73681ead46,39,74.0
8e835c799c543daf7aca4cca4ef47fdf,48,86.0
f49ff9d56e6cb11899cdbe15797e0682,39,65.0
7c6583b14685bd56265d6274545405a9,74,141.0
4d5752527fccf2972f470696d5478a63,85,89.0
bf2ac60847f16b37dda1c2243907c72c,56,71.0
994a902a2b4fb1d9eb08f7e9c7b33f64,31,55.0
a3ba59585178458b60984718b9ab5f4c,46,60.0
ae2b15d0902c5b378fa0dc91a0e1d965,77,82.0
f5fe5c5b81132b8356f0febc7b0ee5a0,90,101.0
cc8062d43dd41ba4d2f8165e505864d0,44,74.0
7de46830b93c94a2f06fef04b1b3418e,74,61.0
17f52fe6857102f2d93092e6ecc31e1f,63,83.0
7e4856caac7bd55549b6148cbf1749ab,74,73.0
89fa87616ae6153a482483d6839cef50,83,80.0
0428fa2aad7e893e98a527dbce103783,30,49.0
3463974af2e4eae661884bf57ce00a27,74,84.0
f193fca7ed6bb4aafb2bf91cbaf519dd,95,99.0
16823507da476a4fb8c0564dea8a46c2,40,78.0
e3c062c2759beb9e2f909bd9b6251819,36,70.0
01b1c652ad8df4d7f81d5f18bc096929,74,74.0
ffaaccd071fa816291872cc01a158e80,93,95.0
7ac3b32a17904c3ab32b1e6073017ef1,39,72.0
2cfbd9fbf527a0c099c0d9f8b26ff1fb,74,87.0
1b5ca8ea0f079c1776e7c222818eb785,45,81.0
862d2561b59b0a704ed1dd0d89c975cd,122,87.0
4c459e5ec39b43246915df8c2c0280ee,67,83.0
9a83cbd61128d2fe4f44b850a912b1cd,72,65.0
3693640954fb8b16e3d9ce1a7b9ca243,72,47.0
64c7a0ae19a2c7d56adc70440ce7b753,71,65.0
947e177d132ecf3236e671cf4a21bf05,74,62.0
60b3e4c63e2138cfb28970e47346b224,69,55.0
fe72085664ed8e48578d8f355ade6ebc,100,94.0
ad9e4f987b716a73efced3b13c47232d,53,67.0
1fdae1d03404b1949734100c31b546fb,197,147.0
24a5aa03125b6e9b1decf525dfb0c493,71,66.0
c65d5e87398cd0a5947c4a8f49b6c085,59,94.0
3882e8decbec9d9b67813b49c356d60d,107,109.0
588f6217b6ed07ddad056d84d7822531,74,115.0
545fbfaf1488440d5cc8521825bfc2bc,91,78.0
1512421a0177032d95c2218763e625ea,147,108.0
255076eebc7c9f30fd23ebfbf81a7e58,141,89.0
882578d63d7521dae0392d74fb3fb18c,74,60.0
7353e1f19ff27b886c33c513ccc11c32,89,108.0
6e2fe3792e05d2c1c085a5899847e624,36,52.0
bc7a4f34b6a297615167060b251d2a0d,117,81.0
e2f891e15cac5b4ee7f909c7f8dc7c13,53,74.0
57e8a083105a5dde8a1c2ede41e493f8,80,66.0
1662b920ad08acc0bdba91acd2305158,48,71.0
a139dc49ff54e0fa733960f035fce3af,62,57.0
5559ba7926ed67015a157f4eec25261d,74,59.0
b6ac6da8bd03cfd54f7478e947b4454f,184,112.0
dacbafa13431b1b89b6122c825feb0d8,146,100.0
242b82b6e975e69f5eb1e62f616600b4,42,55.0
b0a30f2ca365abf374a817742bcae1dd,116,101.0
a0bb7ebd8fa2e0f1e9cfd06b92504b86,55,81.0
02093f72e7fec50848325d5b1b47d402,54,59.0
1bb80a89596849eb7fbdac1878d757c8,74,67.0
6a7c88e347622ec7ac7fae0c36dece6a,119,84.0
acd4dac05cf24f825c1a3a5fd1da23c6,53,80.0
85a24bb2016ef151a36ca3a798081e2a,86,89.0
dfb45424df76882159ae8e79c145262c,74,97.0
55f6d9fcf922da9ac75879a36b75cc5c,74,64.0
028e464e6bcf95047faaf3c033a7a718,54,89.0
46439b4cfdf6b362ea796c48265442a4,162,86.0
fb586c6702ca2023f23030e34928d83a,63,70.0
e3d04860932b3878ffd4960793c3c4f2,45,67.0
3dab93c3abe0d6efdf526968294d1524,46,64.0
fc33e3294f33a43f1682ecb77a5df774,107,76.0
081b934dfb4fdeaa63d1616a697c587e,57,85.0
4b02ad323e8a0e2b3b65f0653b7db7af,86,92.0
60f72bc1b9a0db6075d4e8e3a37bd364,63,92.0
71b25a4f1fdbdae9b871d2b8ce350d9e,74,66.0
819002ace17a9c45f6ab58ed81d636d0,40,68.0
9e8d8a78877f1ce9de0145bf1bd7bccb,69,93.0
3203e6ee4bb7cc897fc0f329a4792baa,48,62.0
02cb82788c2b1af8816f1d1e58e1ebb3,80,86.0
111dae00562865a39dc68ea2166756b6,45,67.0
5c8365587eb6e8126b03181aea5f3828,82,73.0
2df8c47dc70d7121f5f6913cc4f07771,74,105.0
0c03ccf658bd6fe826da8a66c6ad709b,86,92.0
bec1ba2cbfc0a89a47f2411fd7d6635d,42,71.0
2efce497df618f0f92060dead4cb01b3,31,44.0
62df50a8fb62284fa4a15945849d3e1b,91,74.0
db42083a409b6bfbf445968090847f13,74,91.0
4d5f38c03dc65fb711b25ea98c1ccdc7,67,76.0
ee93d95502fd82283e80d7d8389dc8d1,123,88.0
a12153b818def969d607cf9970ab912f,74,82.0
4f13669aefc7f19b3462e96a3efa51f0,103,88.0
daae8a9c437e583cab055a211d88358d,57,77.0
54e68671a98b387c9ccc44102cf44276,37,61.0
a4c99f065e249d0606512ea69c01ab96,37,61.0
d6e945170aea03db2890fa9653409168,59,65.0
69179691695a7f37a175dbd0e0b2b828,98,87.0
07314839d9abc923a3e22b1f5cc36a8c,74,75.0
4ab412b50efc9077eae375090fb02fe8,72,69.0
f800c3b4a78428895ff200087fe0c15b,74,65.0
478d0e8828f1841c19e1e3409fdb8b1b,181,69.0
e605846ca79e6b21e4ba204aef63f8cd,46,83.0
e6e1fd316db31429a255ba94666f1bbb,84,82.0
0acf8d7a0073b836d204d4f235509f40,53,62.0
0004a3841c1eeb6c6e77585a941c21e0,39,57.0
e763daf14addfdb38ce13def025d2c66,100,89.0
83cc42808e55dca80322bd84f47461bc,43,69.0
e5e9b0fd7de6e96318324d69f5bfa2a6,103,100.0
2687aa69baaed35bcd22b66089e42320,98,85.0
7e572125c64af74b73adc2fdfd819432,74,110.0
9efe7991e5f2cb7f64d8c116051afc3b,65,70.0
6e244a7e2727cbd6087e4d5aeb5088aa,139,123.0
3cc07a9b684f00b13f492233fb5b04b9,45,66.0
3fd62cf74a49c20a20d38777df12d2ec,137,89.0
b1873e7fd51ce3eb867e9d42d8f4a0bf,57,53.0
4f4925c6c309181b38e2216d5237715a,61,73.0
c9eec075a33aa9d3c0b838d042acbc8a,83,69.0
0bbc78266238d8faf386bd9515fe18ba,47,73.0
f9ea3649a51359f17c4ecb4391d7dd3e,144,86.0
bfa945aabfffb9d4ec48aca1606d5bd5,54,58.0
e8208ee05ec08d9731ec06f533a18d40,104,78.0
e2fc91db97c84e8ac2fd8627e089ea75,52,83.0
abf18a13ef8c8f35e03e4d3d7c49c58a,93,83.0
1798517ac75d50780efe1170eea3bcfb,112,114.0
4eed3cb317912da4ab0bb4eae4c42d8d,74,80.0
5c194bc0ccd17c253c5a8161fb416986,74,83.0
06fdcbea76b446912a47563984fdbcac,33,54.0
10e8f0fd6df1694df8ada77d4ab019d5,90,91.0
c1df745ff8a8f830e195a1bc070f9542,38,80.0
9c88287b21ab8f3d6588e3422d3f36cf,32,71.0
5534d1a3495e7451325f1a5b44581cf3,124,88.0
a8e97fa72e4d69128099902e0bd21b82,107,112.0
625de5a398c00dcc5bc5a75cb3aa19bb,74,58.0
a1782012fb01f090b37c441a909e8ba6,117,97.0
0a58e327ba8ca1bf7429fb5a51922e99,77,89.0
9612498182f7e6998404fb06e7ab3665,86,94.0
f9dbe78f4f2f39c45c375e8b49433e01,83,87.0
9cc9b3e69cfcda1967e39bf8a9a01176,42,66.0
908c5aa54b047db6c3c095411b834d63,102,99.0
1ea96b7608a4edc37f3ca1eb3e5ff5a0,39,53.0
783c3539c00fa3da035b8d7f9a71cb46,62,89.0
ff05ef95ed3bb366949338a3a6a461f3,143,101.0
a19b9e950f444411c29bc857b5b86c68,93,82.0
c227056684cd53000091f988fd427edc,102,71.0
1df2419236f67166cd114a20f9f15fac,86,72.0
f770a79d515dd6cf8962722467c48f5f,74,101.0
7688889b663d362689c5845d76290864,74,58.0
c3be4ad802d368b11e406cbe3ea4ac1b,74,81.0
796729b3f9d952e174ff78152671f152,74,114.0
a1a3e01591883a3e7d1c22a09187e6dd,121,110.0
dc79fc62f3a1548f664f958bc7ee6d73,105,104.0
6b935ca2093966667992ed1347a8be41,26,62.0
8e622d4c1c828d95cee85446f37e81a1,98,95.0
9cc58553fd20d86bebb2537a970b8cd1,58,95.0
be9113a87f92165a3e75fc5d03361810,74,90.0
016501624efc7995026fd3d5f78dc38b,74,97.0
13be428b8a2889bb29c65dfbd33a8370,31,54.0
94bbf2d6df26ae9491df0ee5fe101323,46,58.0
4ffdccb2288d600b4adc297d4c6f17c1,30,53.0
bfd6360687c7f1751d7cd1016f99dd73,74,67.0
27930239a381bb9c7fa7bafe8e4735ac,35,70.0
4e0b11955e32f967846603224a400552,48,66.0
6e3a3dbe96c48fea9ffa809c59c1fce9,143,130.0
3decccc182a098da277ae2d7114d52a6,90,90.0
05f49dba11491f806b43c3625b74ccad,120,71.0
3f8249feef0d8280467ec218f544111f,48,62.0
f4beb6f3920e3e6e0eb6e4415134748b,50,59.0
8f49765fe698d760963e0d6e9b55bb94,81,72.0
c380a3e97830f2eb82f383b3bfa23648,55,72.0
f81bcc154f922d96cb023f6754b70e5f,97,77.0
03c87f03411758ed9ee44d28c055be81,69,73.0
a032dccd64c8664783d241acfb494ac3,77,83.0
8def60610de90bcfa38dacfdd1f20a91,74,90.0
eddf33240c3165b71e09f70b6c235c50,58,70.0
30e253444569445807edd05063e38f11,74,62.0
3944019ac289a3236554264625999060,44,62.0
09fbcfb8cd66fb24819db0e29d63fb9a,74,83.0
286bf1c60a0b8fb52a8727159fd960cf,74,65.0
e9d60dab665d4e3ced95b8d8489c591d,124,116.0
e6d8943f2569ab2f705ebcb6e035cac2,74,52.0
b588286fb4d419493e1c043c023960cd,74,71.0
9c15bc648d3264ceb0c3819137650a0e,115,117.0
0a3a518a861764e1aaf2e797d3d8b208,80,72.0
64a39b159a158c6c68eed732c566fd5e,70,79.0
b8bdd7fcf65f295fdf4545242304546e,74,72.0
daa9dce47bdce936ded1057b5d2c5632,63,65.0
db29fb130940191765c029006d23d4a8,98,93.0
4dfa44d69856ffe0dba80a051d34a105,45,65.0
d6db236ea2154652de617656d5786b04,74,69.0
7b31cdfcd3184c42a43dae992fc866ec,37,67.0
f43259ee5f6f714d806cadc5f8669f02,93,71.0
c7c34abbc847805a892a4b64a7b4375d,111,95.0
3770e12a149c644a0e2fe33eced6a2b0,95,82.0
860e8bea5b41fd7a6fee45cb94414434,113,95.0
1bbaed9107d47953e621557dea922087,70,91.0
5be2fee44ca0aa37adbdee2169833af1,140,113.0
ec6383e0d43cbb1a68038636e966a4a6,50,64.0
884fe060126981188f63501c2bfaff8f,35,69.0
84c75943d36af1904d14d1da6bec8f9d,123,111.0
a48e8e018398eef022e0217dd019cb65,87,79.0
e8e4964096e1c53992d9f2283ed6a3cf,108,98.0
c8778f3094ed942f2ad9927bd038c473,74,85.0
b3e4791d934c02068aab00fcf5bf99a0,45,86.0
039a144b26f4c85249654abbde62ef23,58,60.0
f420d2b38428aea1081951370453bdb4,177,112.0
65316f6c88c6b84bb07c0841fbc136e1,66,112.0
e0740d680be1fd6f7a3c599dabdcec72,102,99.0
5b0b3abae335a87c58e60d2651050f74,43,61.0
33038acd725b0e7a85f2bf0e5a17d92f,83,68.0
41472601333cc9e42eae8b67f763c9d7,96,103.0
3af11e19fdf2bee4fff3157b58b7948c,74,77.0
dda5268433d3db59ef453a18660b1eea,141,165.0
35e54d0eb287bf49e5403a86a1e54859,147,109.0
186978dfcc1b47f9217630e9e5dd89ad,76,73.0
4a788a8c671d09c674b672289af7bb00,88,95.0
ffdbc12cfcf7101a517a7eb7e1776c43,40,65.0
fa375f2594d7f43b00593cedec757ca2,125,94.0
28aa72b61267ef7d1eb6e7e09b58fe82,105,110.0
c61df0027cffe56c5cf4b813845f4822,55,75.0
44d24ac219d640d2c60b0f2280f2269e,53,70.0
43a0ae5b20502f17baaddec6b2540883,47,79.0
9eb69466a7b8c2ecebd9b0fef522b3c9,77,88.0
2c56add991dd3e8304a30ed1951ede5f,74,79.0
9781fa51b5832286e9ad9013006e74e9,134,98.0
32b9acbfd22c645d37ec913815bf191a,62,62.0
cdfd25a84b7cfb010c1464ece8b7d596,84,64.0
91eb36cc1249ee7f47cfca70a429c583,80,92.0
c3ec338c26c978ca865142d999a9d062,74,66.0
500465d9ebfbd8a81417cb16c1b7bc2c,74,89.0
33e7dadcce7df12b12fcce3ec0fd0337,110,86.0
8b3d61761a2ea5dd08e7586481ce75b4,78,78.0
2c85303190a77493348b0b827232f4d6,133,100.0
6a16d3289a08eeb37395b35f3947e86d,45,62.0
b8e33e8ae603b174956ce684cac4dfee,24,63.0
300c7d1c334bcc28eb2f0dd961f940dc,43,63.0
f9443e07ec9f41ebc2ad2912d5391d11,74,74.0
ab3fddbcde8482c32e207620d613ea52,128,82.0
471571e395558c0de880dc488aafa059,60,72.0
405197686d4d33a25aa638d554246005,74,103.0
0ce0cbe11dcc7ce8fa4f973df8b0830e,47,66.0
d1fb101c95ffe083125e5b195ae04f3e,74,82.0
8c1ae4e4abe2574b53bf427d8545bf87,74,98.0
996c5c984253fb1139e9f318a5b43ee6,40,62.0
1df0e57ac6edee1c292ce7c409e68b98,89,131.0
7ae08dc618d6b679802e33649a3bc13c,58,73.0
b08d1feec5557c4a3452414038769c2b,112,75.0
80f818bd91d7deaa2bf2551734d7fc70,126,85.0
895b28a40b4b8d0d1e5c60aa27af03d3,113,111.0
31e9db0e9f7a9ea340a3ab42e6f5daf3,97,85.0
7353b305345d324669ae8db900b7f051,54,68.0
3f75df7effff43874e225ce8779f68a2,74,84.0
3aa6a3df17cc2976c6eb65e558aa42dc,148,95.0
fd47fb0a31bc0d3b91d5e7002beb3dfb,87,65.0
b27b09d56eb7415b8bc6a61434c56fbe,103,84.0
4d93917209fd20b5ef69ad44c191ddcf,47,73.0
e11122bd687c1ce6a58d4fe750b14faf,70,68.0
49acf1cb9d9c42468223ee8954108224,61,63.0
d96bde7e9faa8593e1db127ec18c4c4d,50,73.0
8398b30601b169e71dc45681e71b37d1,74,63.0
38c2e80d6adafbe379b4ad9f54a94987,79,78.0
f9f7a90706b81df74ae083a35ba690d5,54,70.0
5fce24e73b9019b75c6e73fda0bd190e,31,65.0
783a28bf620205fc5ed41411ba9d6e80,55,64.0
b88da07fd98c2cd80639ee40f95be059,45,64.0
a641dc1022e7db9733aae458e217268e,102,110.0
2f5ca8dbc1aa7cb7a6d33f4cbfcdae7b,50,83.0
7b82ae34b799b630e4d4883ca93d3223,74,91.0
a1b9dd1561af6ef8576983afd4c984cf,149,76.0
7f810190d0c8039a6380492fe7bde462,96,93.0
1162c445a75a1b6cf6bf0b2c1741a0d0,70,71.0
670484ffb298f416283d0e4413b0cb48,126,111.0
612b77a3f7656b079255d3a8d32d203f,75,80.0
7eaa78df68c1baf4d89590579c45b9cc,42,66.0
c5f0e441313df78609a13df55af7a9ff,95,89.0
113c23b43e4cc515bb6a0c2f7e468b0d,69,75.0
ea7b2eb1b990aa4c3b17b77bfa0080fb,84,85.0
4a000a4571294a77e7da1c92b4efa573,74,96.0
d85340b9ca73ce97f1f778d49fa9f45d,51,67.0
ffcf270be4bba33349ce827c70fe9439,103,94.0
8d861810d10590b20cc979d0d5c086a6,158,79.0
8f2cf59114a9ae9bd1a1f4c8f010cc17,84,62.0
8afc9895e16f61dc0c514c2affbab53f,53,62.0
1dacdb745fdefb26aad20aff9bf55c32,99,129.0
0950fc4caed6119c54e196552f764c22,73,80.0
7ca45c57a239d53dc792f42dea896476,129,103.0
48bd7fc831aa4bfee654c649366a38e1,129,98.0
d14ca8742b35c63eb0d7d2cd47911977,88,86.0
65299aedb580214505cc42ef3e57b9c1,74,74.0
3d1e635cc869fe3967e84fe6182fcaf0,67,110.0
6fec3e0eedfef5c22d5acb5f7d70b49c,56,66.0
2e30db1adf540dcd46637ac7265bce92,74,71.0
33956b934095ff750cd6b2d96e8261b9,39,51.0
4c8d82e8e76363f22ee7abcbb8a7c63d,67,92.0
810e17c20a2055ad6a463053e70102ec,74,82.0
bcb023ac2c09caf13c5ef283f68f73fb,34,63.0
98930e14d6391a9501953a79207dbf66,45,69.0
7f949b59fdc853b842f81163b32af57e,53,65.0
d98700b5efe7dd8b649c29c878df405e,55,77.0
16254cb48042603cc0bc03fed62d57ce,109,65.0
ef56d227de25e650cd858f91a164e42c,63,64.0
fe92a807ab060bde99c803d7875052f7,107,83.0
bd5f4be829d503f18f35a81136b624e3,48,71.0
8aad1a08218c5eb5afdae0f8fce67413,67,63.0
939b8406745e4b97e2ef957b4ebea921,35,63.0
8e53d406958157b69a431bdd64928430,93,66.0
bdcb0adf41063a60e22fe043585dc3c6,31,63.0
9dcf2fcd0f5128c60a36a410bd7a9006,74,56.0
84241bfa73c1b9543ebbc421e115398d,74,75.0
f1d910271fe4182d87bdea049b7749c4,74,57.0
4465fb0718361ba5d57fb11bcaa03c7d,57,67.0
d0438f2dcb80a6c9d0208b5e13f71b53,60,71.0
04168229897e567c7f76f27453ecfd72,150,97.0
9e3a688afe7d68f8fdf74875312acc36,73,60.0
21a665cdd07b19704b215c8175d927b8,36,57.0
54a1f1dd837ff0541caf7208039040a7,95,86.0
cb4d2dddcd096c1cff5f01753ebcd3c5,65,58.0
1c2904d69f8a780f5dc93085f74dd2bd,51,64.0
150bd9290b2125e67541098173e2cfb1,74,86.0
e3038ce28bacd28316fe63adc5b61a39,74,88.0
23cf85f3d6f3958e499873fb167ece64,70,74.0
a96b134079c51b1f576371f002515a50,63,90.0
f8fe500c8b8b1586685b182fe2f80497,46,63.0
e3db1a022536d161ec53186053b1d372,74,122.0
fb21dcbecc75453c739d0c012642b73e,20,61.0
a6b796ba1db4fc801ec5fa56d956fab7,74,75.0
3e32cc6af8d4c20fa9bdc7701d060230,76,75.0
96877bade34c9a0a524e40a961497a19,54,69.0
5f7790012e7dd835b1599df18b703dc3,46,64.0
aae4c64ded209f3802cfbfaaef30253b,56,80.0
c1177e4464209098c0c46e047cf00733,47,74.0
5573b5f293924c44a660a16ac19375e5,53,73.0
43dbeb10fbcde3c9ecdb2debfa0c871a,145,75.0
615e0bd08427c0c11aa73be4c4ee85a8,91,76.0
099e7ac0ad28662ccae5d5d6dc6909ac,74,59.0
a5daa083cfbcea6034e7453992ba764f,62,93.0
81792c74fb0d7600e5f066295306afe5,64,96.0
dd5ba2dc94cf09f675166709d452384e,74,75.0
da4cd89347ef75bd49c217ed564e3c05,140,97.0
be1c7da535bbc9c12a277eb64bc2c55b,72,69.0
cf72084d8a0f9aafdab6843be18c7bf9,91,70.0
a6e45b2f9c9c4cb92c7b74c4e8bac788,99,78.0
0d2cb069a4232c66c85758a24b4da777,73,68.0
c48755eb7071c478bce352a9ba5d8cc1,92,74.0
1390c94337265daa75028182c97f749c,77,80.0
4cffa3b181c1292a2fd4d2814424ab34,50,67.0
bc0441c31fc707cd7b99b86bddb9d9b1,60,86.0
e6beb6b1f324cd4038824d62309f6a20,74,69.0
105bbd31171a46a4ce8381334892f344,46,83.0
9f20cc0454801f72af387cf4450fed2c,37,82.0
712fe9ae31ab5ad376fb6db3c9928527,74,58.0
d56aa4ca849d60b42ef1474b4cabc647,90,96.0
275dbf4b7c6d7cd38342707296c84201,74,98.0
ff9b7749478dd24b9a2358e90bc5c9da,126,76.0
e9e5b0aacbb7282631960fe3d6fd50a2,73,75.0
b4521eba374d6cd0324884eb5aeb6faa,74,83.0
588e61b84f2bb078535fb99a187cd625,104,73.0
ca67bf5238d51bb3d382f6f43822c345,62,81.0
8b17c91ded0260b32e7702886148faa7,109,81.0
dc9d62c8b69700b1038c9ed0dbf7966e,74,63.0
1907128de4e91ec124baef6ba1cccd77,74,82.0
f396c3d2ed456d14993ea5d17309d259,32,54.0
01d4de70afe64130a29cef07bad61698,98,87.0
7e9eb029b8816e5eaaa27595e1b14196,166,108.0
f42c70c1946a675c2de502708ac6cd16,74,65.0
02e9b95ac2b270f2d615928277eb88cc,75,77.0
a608bd7a7250ef1bb92a0a28863ec45a,67,76.0
2cdd723993ef42bd9052be54ee53656d,74,87.0
d80284eba53325d7303059ff72bb39d9,47,65.0
fb80ab7fdf70d69c7afcc7a3c6816a40,74,75.0
bac0cb636bc8de4f1f4f7356f6daa9c1,50,63.0
31d26d2124e232c757084f934cc4821a,94,110.0
3e49ce0b68fe06386fc2414b7049b139,56,66.0
cd96aaa4bfc293eba7d80d2031073334,74,52.0
8c347f73cad15fece84537ab2587642f,67,63.0
5365cc18200c60c649bd97fc4a95d10a,77,92.0
3fbcea4cf983cddd1d2ed3f8e7f43ca5,74,75.0
7a5f5bfc4ef5cec448525bb9f7c61e7d,65,85.0
35aceaa29c3a7638708d0ac1221bb1dd,58,92.0
4731b75338070c9dcffe7fc93377bff5,153,120.0
dadc1ec9d71d1fc7bb387f41de1fe62c,74,85.0
ec16ef440f8758402071d3fc4da8cde5,124,112.0
2e129c6006734b397b581d76327c59cd,60,62.0
32bb06bd0ba4ffcc04439e3ed94ca69b,82,69.0
21c3a11a815b6ddedddfb306da850e2a,135,90.0
80e81dd9b9d24cb517ab8cc52fa73d71,74,67.0
78671d7c8f054b7ff6be5ddb0dd83f68,74,92.0
3ab205354c27f7c8dc59df0f4915bd82,74,94.0
9aab22583432090c41b9efd8489674bc,70,86.0
3309253da9f13c9a0618352125873c90,74,74.0
4e898e9d7cd5fe99331d962796b1bccc,110,85.0
c8e3c40897ee01e594890372e070c92f,74,65.0
4ff042ae95fc8176b012e052e78c9276,73,84.0
3d658c97c0fdbabcc9fdbff25ae5bd45,110,57.0
195246d52c7b5b6dd1721cf3ae87089d,68,72.0
869e7f920d1e22bc0e63a84f0c8a6c43,59,70.0
4eec2a608ebed1326bb659136cb3620c,125,97.0
02321cf6897430a8156a7746644bc94a,76,75.0
c67d79575fe76b5d6b7fe28307629b77,59,88.0
2d79cf54bdbb5eafdba32a5a99da4b8f,70,91.0
bfbb73ac325fdb2d2b0eafa67b04b672,74,95.0
475c462982b91a8109d2c9043efb6dfb,75,69.0
ecd7ec2ead207024b385386334503ee5,74,89.0
cf55fb4ecb0934f04b724c2e6c442ce8,140,92.0
25d662ef701fea9c4b9112ef51845e66,90,64.0
cd0b796553c8a188d6bab7c2f9133741,95,78.0
e5ef80470aa6603a06a8b0824ef35b75,95,100.0
e8fae9108c7b61c3c30c56ad035757ee,74,64.0
e0076ecb9b09e201d6f248df03bbe3cd,72,98.0
669b0209a6555e1999b9d7fcfb05a3f0,74,59.0
9eaa103ccf79f48cdea8ad933a19f4f1,63,76.0
eaa488fef46a4d9983012485c622171d,80,89.0
b45fcc03365d0193d3f25a0f5b64845f,80,82.0
b7527498ca4203d5cfe89d1e14e590c5,24,58.0
f739ac97e36304f46fad2afbe272e7ca,74,66.0
47378fbef435937d588b7ea3aae495c9,80,96.0
620b95f631a382d0a4787f342693ca57,106,82.0
afc59c4e72c2da3e763c953948f33237,74,56.0
5988cd03b80df42c4cc768db9a6eb03b,74,59.0
86e5f45d9b0251a74a23b985653229e2,84,64.0
a1579f6e07c41a86c752cc90d2a5523b,64,57.0
206e1b943d571b893612b1a083bbc41d,60,66.0
03204d45bf16dfe702c873567d7f8c32,58,85.0
8d40ffc4d52179aca06e514bdd85ca88,107,65.0
9b7a0161534f6ebc558a828048b1225b,85,83.0
89f7ba23c391a2205a2008d91a7b2e20,96,99.0
8718d66e516a265b60c9ec451592677c,113,107.0
d84237d6882b6dd655b2afadb3b2af46,91,85.0
97295eeb98b916670c8da588cae7391c,74,70.0
aa4688c14e317051c0b221272f4213db,193,117.0
b2fe626ad0228ad68eccf17017f6ba05,61,87.0
41369f5180c8fb835d62c97c5e9cf67d,42,61.0
a311dd1a1a5eb71794e279fcb128269d,117,100.0
171e9b93c1953d273742fc0fd1dfd1a6,72,62.0
ab06fb5b1bdfc022b9773ddacab0b015,86,84.0
5c5ce8372c5ef6fe92f768cf17c70598,67,66.0
63335a3b807e3226de9bf5d65c0989f3,91,96.0
2e34e2746cae9229ca70acf1c60ca269,74,86.0
39d1006795aad2cbcf064219700da944,110,92.0
a63e3b0bb9683992570873c05152051f,147,91.0
a58bd91fdba7795e36022b746e0e8246,74,71.0
2fb490a1ff96c620d28ffcf188a97e36,74,63.0
df43c56f26aee63923a93f4201516b96,67,85.0
1959cf211c1180f53b296eec6bf8f162,158,92.0
62b5107c0d7f8d1e881db516b6eee2bd,73,97.0
124839601d0a14ed2d036d09e34af7a8,74,75.0
84837c34867e345da9801688641a233a,74,81.0
4605c245c729765b78dafe065aa43e84,57,65.0
e068d02a4d91b628c594bddc3b9b6665,101,66.0
b083e0bd880ede86ef4e31341388b790,132,110.0
f8161b2d0d4af31aa7e387cb4f69576b,136,95.0
7fcc742e97f508020821c5f4b805e93f,165,126.0
280fa0412ee52c5fd2dc39d21840937b,166,100.0
2c3c8482c9027c10896d6349c19f0224,90,76.0
c9e8fc3d59db5370c349e6709b16dc5d,103,90.0
836543250d95b525017f83f2666ef59e,68,78.0
03340aef5ad61418e6937f887214eef4,94,72.0
ec8a36df513708fc52876a86fb7dac9c,42,60.0
f6c0d8807cc488b3924aee6c9a80601d,87,90.0
a6c3d91803c7c0be59693c3ec5404bd7,77,113.0
10331d5f0fce606ee0fdf49fc56f4e8a,74,98.0
441787d10dd1dbd2309f154ce8cabbee,150,108.0
40c2bc26135b18c3eba6c9305e039816,47,75.0
bebbdb98a81fb9ef76af02d7017ac6a6,74,79.0
d74414c98550e42b9c932a1ae9069395,109,105.0
e094a52fcbe00866a70eca557e1482f8,23,61.0
454a4ad400f3287b089c6225abbedb8b,61,75.0
47bda05bba159d22d4fec6acb7bff688,66,69.0
e5e928f447322c330851bae5ea7825c7,74,73.0
4cb3dfd8036cadfaf05910e2bc45270a,148,113.0
5f731be06ca1c86aa01d359e6ad53096,74,70.0
07f1ee7649eee709037f2fed7df54459,74,95.0
35f6e518e60d290fca5cddd574e51cd4,109,106.0
e606cc26b843c312df82a29d1f8d4372,94,114.0
bf806422dbd3c768198458206bba54af,90,79.0
a0ecac96f821cf9e84f2ca8ec6a345d0,141,92.0
ec9abd89a2f45f61dc0ab9b6f9415cee,69,60.0
aa9fd22dc29b3bc3a6e88a0598c5c5e0,92,73.0
f96268456e973d88c644741be891b465,93,91.0
9cebb35610b63cd72ad781a100cee798,73,85.0
1c02a5f8204458c5b0f560b32a51ad95,45,66.0
912025b8b15fab0b373310166fa20fbf,93,90.0
c674e74beb680269156b47c3eadc1d56,61,85.0
f453aac089c795dd2c65c85ff93ff06f,62,76.0
6b6fed715fa4bf06942057df9c849135,111,86.0
c6ef794bf0a3b01cfd58b886275e812a,99,71.0
a0307060fd51cdff8aa1c05bed294860,47,78.0
6fa311102b812e04c4e356283bc1965a,74,58.0
bb61db0579564698f8fec16c79c34f2b,47,60.0
6aafed622e4618e0f89759e80dc44637,55,77.0
4fa7701c1a495480895e57029f7969ff,74,85.0
69a2a59ca3f93a57bb34172927a8cbba,160,109.0
88fc3b63618e506502b7caa325c5d432,74,66.0
8f449ffa1c0530dafbbc71f128a6c29b,61,56.0
b9fd69bb43b0ad2ef7a151b1abc2d4f4,171,129.0
29cef29c5dc62f11a343b0ea840b1108,52,66.0
a9c89ea6e17dae73a13787d546b0e2e6,74,61.0
e735ca25c3bd92669ead358e7c594f83,74,67.0
4b456c824550d440df40cc7a41740f4f,24,56.0
d444ac547a451291f7c29cf144ff461c,81,71.0
00888238b55dd6feec6c7acb50e3570b,74,82.0
e47342c6148c755977108814ca5ece6b,42,62.0
1a212661548b24cc9aae1ab1f88548a1,168,112.0
b3ba2f91d7fd4bd15c04dd18f0f8badd,80,71.0
df6a6ff043735b64bb82ba0e3260b0c2,74,86.0
15a4a73f7dc729a143d76a5c29a2fc5d,74,69.0
9c643ae06b3883c07cf9f6bef340d9b1,169,121.0
e279b46953320c9f38e3b775ecbba6cb,109,76.0
57c8d0a346f10c0c4fc90739910bea4f,304,135.0
7b8e28d95b8feaae667d7447584499a9,78,67.0
acb3dee6c786f9cb2dcf9ed19afbc7ea,64,86.0
58fd323176f9a001d8a109bec5cfcfea,44,69.0
12d4e053a3ee68d3599df1756a35258a,66,64.0
d99a43fdfbffcedd22bb95cb84dbf018,120,67.0
79559476ea0b60b4ad50d7c4ffb8327f,98,116.0
7d0ec33b1da5684c0eda8fc0ce5a2855,82,90.0
6fc4fc57bd5751ab31ebef62109c4710,74,90.0
074f13717a8e75f370f38ddb6e78b92b,117,83.0
5ec8c2b7cc9a20702460839537de498d,45,56.0
d444671a2b602b1a434aa7edfc4335e9,75,88.0
a5be1ea765435b1e1561c450b1259a81,120,94.0
cbd78cf9e3d2f49f6a0bf8ad396b0b76,43,55.0
e3ade862bf3d1c1626726f4e37d57a3f,62,70.0
ef41acd059703f3d70dda114a1ba62b3,142,119.0
95ad68514c0ff204de49b3d7cccc43ba,40,50.0
